pid,family,method,budget,B,U,V,J
stress000,continuous,population,,0.24114492535238102,0.4766201138303032,0.0,0.47945498226753264
stress001,continuous,population,,0.4307073567121017,0.4766201138303032,0.0,0.6690174136272533
stress002,continuous,population,,0.28772791914553836,0.4766201138303032,0.0,0.5260379760606899
stress003,continuous,population,,0.021260128938778145,0.4766201138303032,0.0,0.25957018585392977
stress004,continuous,population,,1.2638782060630165,0.4766201138303032,0.0,1.502188262978168
stress005,continuous,population,,0.1370533923835822,0.4766201138303032,0.0,0.3753634492987338
stress006,continuous,population,,0.3338351809200246,0.4766201138303032,0.0,0.5721452378351762
stress007,continuous,population,,0.17328843238396238,0.4766201138303032,0.0,0.411598489299114
stress008,continuous,population,,0.7126236900293791,0.4766201138303032,0.0,0.9509337469445307
stress009,continuous,population,,0.17927576317350571,0.4766201138303032,0.0,0.4175858200886573
stress010,continuous,population,,0.2179497927431215,0.4766201138303032,0.0,0.45625984965827315
stress011,continuous,population,,0.6249390804016739,0.4766201138303032,0.0,0.8632491373168255
stress012,continuous,population,,0.8159421144742118,0.4766201138303032,0.0,1.0542521713893636
stress013,continuous,population,,0.16197135531651746,0.4766201138303032,0.0,0.4002814122316691
stress014,continuous,population,,0.06332057253887462,0.4766201138303032,0.0,0.30163062945402624
stress015,continuous,population,,0.11024978550442624,0.4766201138303032,0.0,0.3485598424195778
stress016,continuous,population,,0.3130295158128276,0.4766201138303032,0.0,0.5513395727279793
stress017,continuous,population,,0.07827904416550859,0.4766201138303032,0.0,0.3165891010806602
stress018,continuous,population,,0.03766171260939343,0.4766201138303032,0.0,0.27597176952454505
stress019,continuous,population,,0.45024162738425305,0.4766201138303032,0.0,0.6885516842994046
stress020,continuous,population,,0.12528734426156807,0.4766201138303032,0.0,0.3635974011767197
stress021,continuous,population,,0.4645079532704295,0.4766201138303032,0.0,0.7028180101855811
stress022,continuous,population,,5.824648266332955,0.4766201138303032,0.0,6.062958323248107
stress023,continuous,population,,0.026571544842473902,0.4766201138303032,0.0,0.26488160175762554
stress024,continuous,population,,0.029068960921260774,0.4766201138303032,0.0,0.2673790178364124
stress025,continuous,population,,0.06339485922457641,0.4766201138303032,0.0,0.30170491613972805
stress026,continuous,population,,0.33377957597489966,0.4766201138303032,0.0,0.5720896328900513
stress027,continuous,population,,0.10381466350312313,0.4766201138303032,0.0,0.34212472041827474
stress028,continuous,population,,0.05466479043150059,0.4766201138303032,0.0,0.2929748473466522
stress029,continuous,population,,0.32251777489223865,0.4766201138303032,0.0,0.5608278318073903
stress030,continuous,population,,0.10672179882569048,0.4766201138303032,0.0,0.3450318557408421
stress031,continuous,population,,0.8181254539281064,0.4766201138303032,0.0,1.056435510843258
stress032,continuous,population,,0.03688503392738922,0.4766201138303032,0.0,0.27519509084254085
stress033,continuous,population,,0.09235231519915485,0.4766201138303032,0.0,0.3306623721143065
stress034,continuous,population,,0.11285565184262432,0.4766201138303032,0.0,0.3511657087577759
stress035,continuous,population,,0.2825459858389078,0.4766201138303032,0.0,0.5208560427540594
stress036,continuous,population,,0.6149144594759967,0.4766201138303032,0.0,0.8532245163911483
stress037,continuous,population,,0.11889183818130661,0.4766201138303032,0.0,0.3572018950964582
stress038,continuous,population,,0.2637058787999337,0.4766201138303032,0.0,0.5020159357150853
stress039,continuous,population,,0.06733287372523232,0.4766201138303032,0.0,0.30564293064038395
stress040,continuous,population,,0.550619455949172,0.4766201138303032,0.0,0.7889295128643237
stress041,continuous,population,,0.030150749891474923,0.4766201138303032,0.0,0.26846080680662654
stress042,continuous,population,,0.2811341227518528,0.4766201138303032,0.0,0.5194441796670044
stress043,continuous,population,,1.2520249110643198,0.4766201138303032,0.0,1.4903349679794715
stress044,continuous,population,,1.878126160575686,0.4766201138303032,0.0,2.1164362174908375
stress045,continuous,population,,0.40297531783814416,0.4766201138303032,0.0,0.6412853747532958
stress046,continuous,population,,0.03470301056553954,0.4766201138303032,0.0,0.27301306748069115
stress047,continuous,population,,0.4688596968661221,0.4766201138303032,0.0,0.7071697537812738
stress048,continuous,population,,0.04619550024640694,0.4766201138303032,0.0,0.28450555716155856
stress049,continuous,population,,0.1034577828376339,0.4766201138303032,0.0,0.3417678397527855
stress050,continuous,population,,0.04960498903331361,0.4766201138303032,0.0,0.28791504594846523
stress051,continuous,population,,0.40011654019698306,0.4766201138303032,0.0,0.6384265971121347
stress052,continuous,population,,0.06059580656642871,0.4766201138303032,0.0,0.2989058634815803
stress053,continuous,population,,0.1354691824959524,0.4766201138303032,0.0,0.373779239411104
stress054,continuous,population,,0.27982758640614064,0.4766201138303032,0.0,0.5181376433212923
stress055,continuous,population,,0.2037444797030914,0.4766201138303032,0.0,0.442054536618243
stress056,continuous,population,,0.140361610992516,0.4766201138303032,0.0,0.3786716679076676
stress057,continuous,population,,0.2857946546076959,0.4766201138303032,0.0,0.5241047115228474
stress058,continuous,population,,1.067969816540791,0.4766201138303032,0.0,1.3062798734559427
stress059,continuous,population,,0.13019429652923686,0.4766201138303032,0.0,0.3685043534443885
stress060,continuous,population,,0.05799822980356769,0.4766201138303032,0.0,0.2963082867187193
stress061,continuous,population,,0.9055604470213732,0.4766201138303032,0.0,1.1438705039365247
stress062,continuous,population,,0.032356535737290915,0.4766201138303032,0.0,0.27066659265244253
stress063,continuous,population,,0.13166488952748204,0.4766201138303032,0.0,0.3699749464426336
stress064,continuous,population,,0.4474809010010215,0.4766201138303032,0.0,0.6857909579161732
stress065,continuous,population,,0.1138519186781705,0.4766201138303032,0.0,0.35216197559332213
stress066,continuous,population,,0.19355093840456977,0.4766201138303032,0.0,0.4318609953197214
stress067,continuous,population,,0.145066056630196,0.4766201138303032,0.0,0.3833761135453476
stress068,continuous,population,,0.04236402514239811,0.4766201138303032,0.0,0.28067408205754973
stress069,continuous,population,,0.05176171452195263,0.4766201138303032,0.0,0.2900717714371042
stress070,continuous,population,,0.2426195363822174,0.4766201138303032,0.0,0.480929593297369
stress071,continuous,population,,0.08547865521431432,0.4766201138303032,0.0,0.3237887121294659
stress072,continuous,population,,0.048316862268018054,0.4766201138303032,0.0,0.2866269191831697
stress073,continuous,population,,0.24930311198400673,0.4766201138303032,0.0,0.48761316889915834
stress074,continuous,population,,0.10769596223440095,0.4766201138303032,0.0,0.34600601914955254
stress075,continuous,population,,0.15495793472611188,0.4766201138303032,0.0,0.39326799164126347
stress076,continuous,population,,0.24582162604871535,0.4766201138303032,0.0,0.484131682963867
stress077,continuous,population,,0.07208655153304307,0.4766201138303032,0.0,0.31039660844819467
stress078,continuous,population,,0.08296715894595465,0.4766201138303032,0.0,0.32127721586110625
stress079,continuous,population,,0.0701490755307253,0.4766201138303032,0.0,0.3084591324458769
stress080,continuous,population,,0.050068144571534946,0.4766201138303032,0.0,0.2883782014866866
stress081,continuous,population,,0.04171101918304198,0.4766201138303032,0.0,0.2800210760981936
stress082,continuous,population,,0.08948172074596934,0.4766201138303032,0.0,0.32779177766112094
stress083,continuous,population,,0.07510748684488536,0.4766201138303032,0.0,0.31341754376003694
stress084,continuous,population,,0.12083957589544758,0.4766201138303032,0.0,0.3591496328105992
stress085,continuous,population,,0.5126542294476938,0.4766201138303032,0.0,0.7509642863628454
stress086,continuous,population,,0.045659751213261775,0.4766201138303032,0.0,0.2839698081284134
stress087,continuous,population,,0.10621513473904061,0.4766201138303032,0.0,0.3445251916541922
stress088,continuous,population,,0.13396092344579327,0.4766201138303032,0.0,0.37227098036094486
stress089,continuous,population,,0.5464720940692319,0.4766201138303032,0.0,0.7847821509843835
stress090,continuous,population,,0.17612267893678074,0.4766201138303032,0.0,0.41443273585193235
stress091,continuous,population,,0.08410581574528234,0.4766201138303032,0.0,0.3224158726604339
stress092,continuous,population,,0.07797940472104457,0.4766201138303032,0.0,0.3162894616361962
stress093,continuous,population,,0.3686689609775042,0.4766201138303032,0.0,0.6069790178926557
stress094,continuous,population,,0.4347755275511003,0.4766201138303032,0.0,0.673085584466252
stress095,continuous,population,,0.05613755357457253,0.4766201138303032,0.0,0.2944476104897241
stress096,continuous,population,,0.13431801216448838,0.4766201138303032,0.0,0.37262806907963997
stress097,continuous,population,,0.34273964467652923,0.4766201138303032,0.0,0.5810497015916809
stress098,continuous,population,,0.15405700942791295,0.4766201138303032,0.0,0.39236706634306456
stress099,continuous,population,,0.21586018479670047,0.4766201138303032,0.0,0.45417024171185205
stress100,continuous,population,,0.050528060976809216,0.4766201138303032,0.0,0.28883811789196084
stress101,continuous,population,,0.1331063631728153,0.4766201138303032,0.0,0.37141642008796694
stress102,continuous,population,,0.04325880395852754,0.4766201138303032,0.0,0.28156886087367916
stress103,continuous,population,,0.04963387175536822,0.4766201138303032,0.0,0.2879439286705198
stress104,continuous,population,,0.08268881957147992,0.4766201138303032,0.0,0.3209988764866315
stress105,continuous,population,,0.09001773357407888,0.4766201138303032,0.0,0.3283277904892305
stress106,continuous,population,,0.547702832467494,0.4766201138303032,0.0,0.7860128893826456
stress107,continuous,population,,0.2785899121334526,0.4766201138303032,0.0,0.5168999690486042
stress108,continuous,population,,0.05396143542069357,0.4766201138303032,0.0,0.2922714923358452
stress109,continuous,population,,0.31684516924344175,0.4766201138303032,0.0,0.5551552261585934
stress110,continuous,population,,0.14728450296140014,0.4766201138303032,0.0,0.3855945598765518
stress111,continuous,population,,0.018580622591499132,0.4766201138303032,0.0,0.25689067950665073
stress112,continuous,population,,0.1261114261963073,0.4766201138303032,0.0,0.36442148311145894
stress113,continuous,population,,0.2641311125958912,0.4766201138303032,0.0,0.5024411695110429
stress114,continuous,population,,0.027654531944318734,0.4766201138303032,0.0,0.26596458885947033
stress115,continuous,population,,0.1242684314502235,0.4766201138303032,0.0,0.3625784883653751
stress116,continuous,population,,0.27432416198942305,0.4766201138303032,0.0,0.5126342189045747
stress117,continuous,population,,0.2923204822084888,0.4766201138303032,0.0,0.5306305391236403
stress118,continuous,population,,0.14903854557697266,0.4766201138303032,0.0,0.38734860249212427
stress119,continuous,population,,0.2121841654365749,0.4766201138303032,0.0,0.45049422235172654
stress120,continuous,population,,0.3389845124994369,0.4766201138303032,0.0,0.5772945694145886
stress121,continuous,population,,0.07297643878984934,0.4766201138303032,0.0,0.31128649570500094
stress122,continuous,population,,0.2265069334438481,0.4766201138303032,0.0,0.4648169903589997
stress123,continuous,population,,0.4266110119661046,0.4766201138303032,0.0,0.6649210688812562
stress124,continuous,population,,0.13802066975274127,0.4766201138303032,0.0,0.3763307266678929
stress125,continuous,population,,0.1310067092223178,0.4766201138303032,0.0,0.36931676613746944
stress126,continuous,population,,0.11304740394320281,0.4766201138303032,0.0,0.3513574608583544
stress127,continuous,population,,0.15473690908510318,0.4766201138303032,0.0,0.3930469660002548
stress128,continuous,population,,0.030088273037351936,0.4766201138303032,0.0,0.26839832995250357
stress129,continuous,population,,0.036022039087557085,0.4766201138303032,0.0,0.2743320960027087
stress130,continuous,population,,0.16013581310816158,0.4766201138303032,0.0,0.3984458700233132
stress131,continuous,population,,0.6596125256133019,0.4766201138303032,0.0,0.8979225825284535
stress132,continuous,population,,0.30566137506208535,0.4766201138303032,0.0,0.543971431977237
stress133,continuous,population,,0.5795333496772294,0.4766201138303032,0.0,0.817843406592381
stress134,continuous,population,,0.03547419422508999,0.4766201138303032,0.0,0.27378425114024163
stress135,continuous,population,,0.3933245872538086,0.4766201138303032,0.0,0.6316346441689602
stress136,continuous,population,,0.14798086253822965,0.4766201138303032,0.0,0.38629091945338123
stress137,continuous,population,,0.09973063109619912,0.4766201138303032,0.0,0.33804068801135073
stress138,continuous,population,,0.4140094855039223,0.4766201138303032,0.0,0.652319542419074
stress139,continuous,population,,0.1734515784871764,0.4766201138303032,0.0,0.411761635402328
stress140,continuous,population,,0.05744938823283736,0.4766201138303032,0.0,0.29575944514798896
stress141,continuous,population,,0.7961025654878451,0.4766201138303032,0.0,1.0344126224029968
stress142,continuous,population,,1.9024242365873116,0.4766201138303032,0.0,2.1407342935024634
stress143,continuous,population,,0.4571663201286038,0.4766201138303032,0.0,0.6954763770437554
stress144,continuous,population,,0.3038815100503253,0.4766201138303032,0.0,0.5421915669654769
stress145,continuous,population,,0.9540557973712608,0.4766201138303032,0.0,1.1923658542864124
stress146,continuous,population,,0.05563509129980834,0.4766201138303032,0.0,0.29394514821496
stress147,continuous,population,,0.16757620223892655,0.4766201138303032,0.0,0.40588625915407817
stress148,continuous,population,,0.1210601282488425,0.4766201138303032,0.0,0.3593701851639941
stress149,continuous,population,,0.7735224332930325,0.4766201138303032,0.0,1.011832490208184
stress150,continuous,population,,0.06583088150450071,0.4766201138303032,0.0,0.30414093841965234
stress151,continuous,population,,0.24830146699107006,0.4766201138303032,0.0,0.48661152390622164
stress152,continuous,population,,0.06558465697662241,0.4766201138303032,0.0,0.303894713891774
stress153,continuous,population,,0.08158265088387395,0.4766201138303032,0.0,0.31989270779902557
stress154,continuous,population,,0.08879658343808418,0.4766201138303032,0.0,0.3271066403532358
stress155,continuous,population,,0.39121704879825714,0.4766201138303032,0.0,0.6295271057134088
stress156,continuous,population,,1.2260622795152527,0.4766201138303032,0.0,1.4643723364304044
stress157,continuous,population,,0.04770969773633454,0.4766201138303032,0.0,0.28601975465148616
stress158,continuous,population,,0.305848049550859,0.4766201138303032,0.0,0.5441581064660106
stress159,continuous,population,,0.036204605772493015,0.4766201138303032,0.0,0.27451466268764463
stress160,continuous,population,,0.6745546013476688,0.4766201138303032,0.0,0.9128646582628204
stress161,continuous,population,,0.03623179277858537,0.4766201138303032,0.0,0.27454184969373696
stress162,continuous,population,,0.07291373229957542,0.4766201138303032,0.0,0.31122378921472704
stress163,continuous,population,,0.12656584932805312,0.4766201138303032,0.0,0.36487590624320476
stress164,continuous,population,,0.3604541254207066,0.4766201138303032,0.0,0.5987641823358583
stress165,continuous,population,,0.34508530110220875,0.4766201138303032,0.0,0.5833953580173603
stress166,continuous,population,,0.1314218524013937,0.4766201138303032,0.0,0.3697319093165453
stress167,continuous,population,,0.08384453241053663,0.4766201138303032,0.0,0.32215458932568825
stress168,continuous,population,,0.029643470629836587,0.4766201138303032,0.0,0.2679535275449882
stress169,continuous,population,,0.35429897742326427,0.4766201138303032,0.0,0.5926090343384158
stress170,continuous,population,,0.17551368354777702,0.4766201138303032,0.0,0.41382374046292864
stress171,continuous,population,,0.06940793168960963,0.4766201138303032,0.0,0.30771798860476124
stress172,continuous,population,,0.1220890207632956,0.4766201138303032,0.0,0.3603990776784472
stress173,continuous,population,,0.052938920355052294,0.4766201138303032,0.0,0.29124897727020393
stress174,continuous,population,,0.15553992545148076,0.4766201138303032,0.0,0.3938499823666324
stress175,continuous,population,,0.026084722410839953,0.4766201138303032,0.0,0.2643947793259916
stress176,continuous,population,,37.526832479064424,0.4766201138303032,0.0,37.76514253597958
stress177,continuous,population,,0.16363405953551122,0.4766201138303032,0.0,0.40194411645066286
stress178,continuous,population,,0.17920756099395604,0.4766201138303032,0.0,0.4175176179091077
stress179,continuous,population,,0.04648230377611202,0.4766201138303032,0.0,0.2847923606912636
stress180,continuous,population,,0.3560656812218616,0.4766201138303032,0.0,0.5943757381370132
stress181,continuous,population,,0.1495764804631092,0.4766201138303032,0.0,0.38788653737826084
stress182,continuous,population,,0.10430555143974538,0.4766201138303032,0.0,0.342615608354897
stress183,continuous,population,,0.22666408073530192,0.4766201138303032,0.0,0.46497413765045353
stress184,continuous,population,,2.3767443927143486,0.4766201138303032,0.0,2.6150544496295
stress185,continuous,population,,0.04728492777709799,0.4766201138303032,0.0,0.2855949846922496
stress186,continuous,population,,0.055365048866983055,0.4766201138303032,0.0,0.2936751057821347
stress187,continuous,population,,0.12248357470280556,0.4766201138303032,0.0,0.3607936316179572
stress188,continuous,population,,0.3014316126041757,0.4766201138303032,0.0,0.5397416695193273
stress189,continuous,population,,0.06745985172658674,0.4766201138303032,0.0,0.30576990864173836
stress190,continuous,population,,0.26197083162339685,0.4766201138303032,0.0,0.5002808885385485
stress191,continuous,population,,1.0782794256325035,0.4766201138303032,0.0,1.3165894825476552
stress192,continuous,population,,0.04618426698838555,0.4766201138303032,0.0,0.2844943239035372
stress193,continuous,population,,0.044578965865081026,0.4766201138303032,0.0,0.28288902278023265
stress194,continuous,population,,0.08297871558355557,0.4766201138303032,0.0,0.3212887724987072
stress195,continuous,population,,0.2773434400023773,0.4766201138303032,0.0,0.5156534969175289
stress196,continuous,population,,0.04847316205537145,0.4766201138303032,0.0,0.28678321897052306
stress197,continuous,population,,0.38155723028946775,0.4766201138303032,0.0,0.6198672872046194
stress198,continuous,population,,0.26063059422181795,0.4766201138303032,0.0,0.49894065113696956
stress199,continuous,population,,3.974396689432648,0.4766201138303032,0.0,4.212706746347799
stress000,continuous,twin,,0.6148498933236223,0.11722267609178663,0.0,0.6734612313695156
stress001,continuous,twin,,0.6374084417367213,0.20250577458865146,0.0,0.738661329031047
stress002,continuous,twin,,0.3619181786124946,0.28354255621002605,0.0,0.5036894567175076
stress003,continuous,twin,,0.02929722549745219,0.14617545515237218,0.0,0.10238495307363828
stress004,continuous,twin,,1.3288421950752705,0.3906305525403551,0.0,1.524157471345448
stress005,continuous,twin,,0.29797216144238,0.08992996596591579,0.0,0.34293714442533785
stress006,continuous,twin,,0.6535455652828625,0.11642547431956934,0.0,0.7117583024426472
stress007,continuous,twin,,0.2610551227299137,0.29668622049007554,0.0,0.4093982329749515
stress008,continuous,twin,,1.3212063041305657,0.1199656548488984,0.0,1.3811891315550149
stress009,continuous,twin,,0.202156489805935,0.41236214657724185,0.0,0.40833756309455593
stress010,continuous,twin,,0.3665683196453289,0.24689609377779806,0.0,0.4900163665342279
stress011,continuous,twin,,0.7698127758999964,0.14778775524044774,0.0,0.8437066535202202
stress012,continuous,twin,,0.6402159030097164,0.6459624817481051,0.0,0.963197143883769
stress013,continuous,twin,,0.29475214141277994,0.20331964802627042,0.0,0.39641196542591517
stress014,continuous,twin,,0.10566912162260259,0.1271087181568137,0.0,0.16922348070100945
stress015,continuous,twin,,0.2743237974567729,0.10188755414659485,0.0,0.3252675745300703
stress016,continuous,twin,,0.3685937753644164,0.28183232148057796,0.0,0.5095099361047054
stress017,continuous,twin,,0.15432906477403352,0.06093074644530188,0.0,0.18479443799668446
stress018,continuous,twin,,0.058117457899545276,0.11139432754134852,0.0,0.11381462167021954
stress019,continuous,twin,,0.7321170198798246,0.14957933782847754,0.0,0.8069066887940634
stress020,continuous,twin,,0.31789923438580225,0.11351216939836715,0.0,0.37465531908498584
stress021,continuous,twin,,0.5533664410761264,0.36713281248792884,0.0,0.7369328473200909
stress022,continuous,twin,,5.9264500806150116,0.44897844971552997,0.0,6.150939305472776
stress023,continuous,twin,,0.05232359637821278,0.14649516803679238,0.0,0.12557118039660897
stress024,continuous,twin,,0.10134615414278987,0.07028889063783328,0.0,0.1364905994617065
stress025,continuous,twin,,0.2639086332366774,0.07350725101199908,0.0,0.30066225874267694
stress026,continuous,twin,,0.4235786379972483,0.2610027170277608,0.0,0.5540799965111287
stress027,continuous,twin,,0.17516480511434004,0.14316668483879544,0.0,0.24674814753373775
stress028,continuous,twin,,0.13620715518236828,0.06352204354446983,0.0,0.1679681769546032
stress029,continuous,twin,,0.5302727713461556,0.29376029323349206,0.0,0.6771529179629017
stress030,continuous,twin,,0.20477694835605978,0.17887018461929086,0.0,0.2942120406657052
stress031,continuous,twin,,0.8808786055183764,0.31932308575007995,0.0,1.0405401483934162
stress032,continuous,twin,,0.12375450020919034,0.0723791491062709,0.0,0.15994407476232578
stress033,continuous,twin,,0.14974422011863286,0.15978847042713654,0.0,0.22963845533220112
stress034,continuous,twin,,0.11501719882029089,0.46654074933285855,0.0,0.3482875734867202
stress035,continuous,twin,,0.35458855429375846,0.3109174531848644,0.0,0.5100472808861907
stress036,continuous,twin,,0.8928959660016181,0.1580667533726921,0.0,0.9719293426879642
stress037,continuous,twin,,0.10753811648921549,0.5247557862196616,0.0,0.36991600959904625
stress038,continuous,twin,,0.27535912106069854,0.44411786456911295,0.0,0.497418053345255
stress039,continuous,twin,,0.05625816127723338,0.18196345792571147,0.0,0.14723989024008913
stress040,continuous,twin,,0.6207578419393401,0.3684556220600219,0.0,0.8049856529693511
stress041,continuous,twin,,0.04022902684843427,0.2038986953772455,0.0,0.142178374537057
stress042,continuous,twin,,0.3349101308394398,0.3442544471881168,0.0,0.5070373544334983
stress043,continuous,twin,,0.3991086454323753,0.6388154014320899,0.0,0.7185163461484203
stress044,continuous,twin,,0.40709177953748205,1.0,0.0,0.907091779537482
stress045,continuous,twin,,1.4734880324859312,0.25066186236181776,0.0,1.5988189636668402
stress046,continuous,twin,,0.08924646173182402,0.06718867280328476,0.0,0.1228407981334664
stress047,continuous,twin,,0.6006948253685093,0.19787191729060594,0.0,0.6996307840138123
stress048,continuous,twin,,0.12017582464284067,0.10783814584681925,0.0,0.1740948975662503
stress049,continuous,twin,,0.2725621479149183,0.10528458597350042,0.0,0.3252044409016685
stress050,continuous,twin,,0.08665631394804575,0.09480227047700779,0.0,0.13405744918654966
stress051,continuous,twin,,0.6142263884030651,0.18072705474219383,0.0,0.704589915774162
stress052,continuous,twin,,0.17230618959094013,0.08162163411157186,0.0,0.21311700664672606
stress053,continuous,twin,,0.36172586139114293,0.10319810570828875,0.0,0.4133249142452873
stress054,continuous,twin,,0.35860169510561024,0.2852894935620874,0.0,0.5012464418866539
stress055,continuous,twin,,0.24218683939452088,0.3270235601906383,0.0,0.40569861948984
stress056,continuous,twin,,0.18119636413142468,0.34934610022105245,0.0,0.3558694142419509
stress057,continuous,twin,,0.35307640726795086,0.32663543527351185,0.0,0.5163941249047068
stress058,continuous,twin,,1.285334301344357,0.22634161315846824,0.0,1.398505107923591
stress059,continuous,twin,,0.22042642551630368,0.2706823819397564,0.0,0.3557676164861819
stress060,continuous,twin,,0.09291770313805214,0.13699427951612886,0.0,0.16141484289611657
stress061,continuous,twin,,1.5719056117978552,0.17142444629859757,0.0,1.657617834947154
stress062,continuous,twin,,0.04800897958429903,0.21155528497830395,0.0,0.153786622073451
stress063,continuous,twin,,0.5536158403273165,0.11249156250692405,0.0,0.6098616215807785
stress064,continuous,twin,,0.7228841186527064,0.09175049898789267,0.0,0.7687593681466527
stress065,continuous,twin,,0.19874064983872342,0.10188552433131978,0.0,0.24968341200438332
stress066,continuous,twin,,0.38079006735596993,0.10622427678409689,0.0,0.43390220574801835
stress067,continuous,twin,,0.23557562642542182,0.16955265522717786,0.0,0.32035195403901073
stress068,continuous,twin,,0.11185012785560117,0.06346514136330544,0.0,0.1435826985372539
stress069,continuous,twin,,0.2532969683918308,0.06587664798486291,0.0,0.28623529238426226
stress070,continuous,twin,,0.5726471236391455,0.09926077681366036,0.0,0.6222775120459757
stress071,continuous,twin,,0.1197267635083458,0.1434560534522576,0.0,0.1914547902344746
stress072,continuous,twin,,0.1107276890988592,0.08804642310923,0.0,0.1547509006534742
stress073,continuous,twin,,0.4086740366741879,0.19455444921456272,0.0,0.5059512612814693
stress074,continuous,twin,,0.4337196378555533,0.08650694923793031,0.0,0.47697311247451846
stress075,continuous,twin,,0.2658102869589711,0.0716205151498622,0.0,0.3016205445339022
stress076,continuous,twin,,0.288061721181462,0.36465766779521097,0.0,0.47039055507906746
stress077,continuous,twin,,0.2118828937241206,0.0801722446398993,0.0,0.2519690160440703
stress078,continuous,twin,,0.13649606692513053,0.18979361183289636,0.0,0.23139287284157872
stress079,continuous,twin,,0.10630584788583032,0.25293669069327795,0.0,0.23277419323246928
stress080,continuous,twin,,0.1119813125803272,0.07288252364030998,0.0,0.14842257440048218
stress081,continuous,twin,,0.09833823470036043,0.11163283657149074,0.0,0.1541546529861058
stress082,continuous,twin,,0.17043657455412034,0.16566646921900663,0.0,0.2532698091636236
stress083,continuous,twin,,0.148824542774885,0.18653997739777153,0.0,0.24209453147377075
stress084,continuous,twin,,0.28549020125745733,0.12010879826010391,0.0,0.3455446003875093
stress085,continuous,twin,,0.6622692155729164,0.2834181588015343,0.0,0.8039782949736836
stress086,continuous,twin,,0.09716582515893239,0.10626569835799879,0.0,0.1502986743379318
stress087,continuous,twin,,0.232221361846114,0.15851364778588675,0.0,0.3114781857390574
stress088,continuous,twin,,0.11357047198475119,0.06904811070107861,0.0,0.1480945273352905
stress089,continuous,twin,,0.6675289249199494,0.18016896938439472,0.0,0.7576134096121467
stress090,continuous,twin,,0.405942779705237,0.08299518570796707,0.0,0.44744037255922053
stress091,continuous,twin,,0.08133735622943482,0.4941248490938955,0.0,0.32839978077638254
stress092,continuous,twin,,0.18903301044674137,0.09568848498544176,0.0,0.23687725293946224
stress093,continuous,twin,,0.5377838753569998,0.18300145534321455,0.0,0.629284603028607
stress094,continuous,twin,,0.6008260861439062,0.29124744231810273,0.0,0.7464498073029575
stress095,continuous,twin,,0.10558371447569555,0.17727090492145894,0.0,0.19421916693642502
stress096,continuous,twin,,0.34496614289579486,0.14279687208196434,0.0,0.41636457893677703
stress097,continuous,twin,,0.4109941155401002,0.2501706837146769,0.0,0.5360794573974386
stress098,continuous,twin,,0.20850169556040746,0.1882592429593201,0.0,0.3026313170400675
stress099,continuous,twin,,0.4369947605054997,0.060947959346257824,0.0,0.4674687401786286
stress100,continuous,twin,,0.12098012050890251,0.15975547941620374,0.0,0.20085786021700439
stress101,continuous,twin,,0.24192483542293056,0.14315381571399485,0.0,0.31350174327992797
stress102,continuous,twin,,0.097356191694223,0.16461638732864897,0.0,0.17966438535854748
stress103,continuous,twin,,0.07819735578595878,0.18179557060109997,0.0,0.16909514108650875
stress104,continuous,twin,,0.17713459866436512,0.17257364042572781,0.0,0.26342141887722903
stress105,continuous,twin,,0.1363384672353856,0.15981071744976874,0.0,0.21624382596026998
stress106,continuous,twin,,0.7062807458772287,0.2964285255394816,0.0,0.8544950086469695
stress107,continuous,twin,,0.8049949010563772,0.08931770372431368,0.0,0.849653752918534
stress108,continuous,twin,,0.09355436635734891,0.16937804516172805,0.0,0.17824338893821295
stress109,continuous,twin,,0.5187584213038119,0.1283341297291246,0.0,0.5829254861683741
stress110,continuous,twin,,0.22664661346917478,0.21295213332825683,0.0,0.3331226801333032
stress111,continuous,twin,,0.0496921091044234,0.10236642493399371,0.0,0.10087532157142026
stress112,continuous,twin,,0.20183038523627916,0.21859982601415134,0.0,0.3111302982433548
stress113,continuous,twin,,0.27815125230272175,0.4456068105064956,0.0,0.5009546575559696
stress114,continuous,twin,,0.0468225044639464,0.23824188517450293,0.0,0.16594344705119787
stress115,continuous,twin,,0.21268142119824432,0.294273931710409,0.0,0.3598183870534488
stress116,continuous,twin,,0.36547788593022984,0.2624597815242154,0.0,0.49670777669233757
stress117,continuous,twin,,0.5091608273932957,0.1708942291343711,0.0,0.5946079419604813
stress118,continuous,twin,,0.18688200834648613,0.2639739195769666,0.0,0.31886896813496945
stress119,continuous,twin,,0.27545506466745256,0.27475488498930134,0.0,0.41283250716210323
stress120,continuous,twin,,0.694724511696972,0.260904917429865,0.0,0.8251769704119045
stress121,continuous,twin,,0.23027770741872305,0.062438226723218124,0.0,0.2614968207803321
stress122,continuous,twin,,0.40117715804814963,0.24275581022724466,0.0,0.5225550631617719
stress123,continuous,twin,,0.4827988110824914,0.19487742646822215,0.0,0.5802375243166025
stress124,continuous,twin,,0.38896896186733415,0.14351577448582245,0.0,0.46072684911024536
stress125,continuous,twin,,0.14360056166125548,0.4286289179656734,0.0,0.3579150206440922
stress126,continuous,twin,,0.1922116401126348,0.15834943842911176,0.0,0.2713863593271907
stress127,continuous,twin,,0.3064030117957441,0.1588300122465673,0.0,0.3858180179190277
stress128,continuous,twin,,0.06479511430892958,0.13255152887596788,0.0,0.13107087874691353
stress129,continuous,twin,,0.11659889497046169,0.10801486164000988,0.0,0.17060632579046664
stress130,continuous,twin,,0.27768176138448486,0.19313391701740046,0.0,0.3742487198931851
stress131,continuous,twin,,0.4459419330877457,1.0,0.0,0.9459419330877457
stress132,continuous,twin,,0.3700295788407755,0.3307903681661674,0.0,0.5354247629238592
stress133,continuous,twin,,0.7743576786109171,0.3709822631906575,0.0,0.9598488102062459
stress134,continuous,twin,,0.07145011071665343,0.12954042925800807,0.0,0.13622032534565748
stress135,continuous,twin,,0.49307232509514626,0.21738274964302293,0.0,0.6017636999166577
stress136,continuous,twin,,0.32664727011685507,0.10184519066004222,0.0,0.3775698654468762
stress137,continuous,twin,,0.15756533330662492,0.18661202668035323,0.0,0.25087134664680155
stress138,continuous,twin,,1.7753118598016422,0.20630763093062698,0.0,1.8784656752669557
stress139,continuous,twin,,0.19872008897172394,0.42962042849509685,0.0,0.41353030321927237
stress140,continuous,twin,,0.05162813235176912,0.19505052338536488,0.0,0.14915339404445155
stress141,continuous,twin,,0.8655323964648062,0.42260722387483507,0.0,1.0768360084022237
stress142,continuous,twin,,1.5105498055809208,0.7027970531861857,0.0,1.8619483321740136
stress143,continuous,twin,,0.3988523378721366,0.5854963652725003,0.0,0.6916005205083867
stress144,continuous,twin,,0.4251926952423797,0.15902464183294415,0.0,0.5047050161588518
stress145,continuous,twin,,1.1260346681591633,0.3142217920613329,0.0,1.2831455641898297
stress146,continuous,twin,,0.10311129646626227,0.13172174679035137,0.0,0.16897216986143795
stress147,continuous,twin,,0.2875738674082252,0.12993564720028716,0.0,0.3525416910083688
stress148,continuous,twin,,0.21316807836441534,0.15928977340406497,0.0,0.29281296506644783
stress149,continuous,twin,,0.8176801515484113,0.4353343366406514,0.0,1.035347319868737
stress150,continuous,twin,,0.24576611701604947,0.06963604812624355,0.0,0.28058414107917123
stress151,continuous,twin,,0.5831822583295027,0.12349905597363423,0.0,0.6449317863163198
stress152,continuous,twin,,0.11022222869055236,0.17248182986168437,0.0,0.19646314362139455
stress153,continuous,twin,,0.18139816109403253,0.07142496775331285,0.0,0.21711064497068897
stress154,continuous,twin,,0.2358739140169676,0.1440107692614653,0.0,0.30787929864770025
stress155,continuous,twin,,0.4247895821038644,0.39503660180500577,0.0,0.6223078830063673
stress156,continuous,twin,,0.3325056569962805,0.8677476925880785,0.0,0.7663795032903198
stress157,continuous,twin,,0.09433034883204698,0.12010731792469383,0.0,0.1543840077943939
stress158,continuous,twin,,0.42645392114997793,0.15675660931057078,0.0,0.5048322258052633
stress159,continuous,twin,,0.08060975362366717,0.10544152196288568,0.0,0.13333051460511
stress160,continuous,twin,,0.31324842622880483,1.0,0.0,0.8132484262288049
stress161,continuous,twin,,0.06421616752688453,0.17629193224956777,0.0,0.1523621336516684
stress162,continuous,twin,,0.11861005074997413,0.1038475772413152,0.0,0.17053383937063174
stress163,continuous,twin,,0.2063450574998687,0.172781575722499,0.0,0.2927358453611182
stress164,continuous,twin,,0.7691314087402843,0.10745399331111118,0.0,0.8228584053958399
stress165,continuous,twin,,0.6040827067752951,0.10573125078675413,0.0,0.6569483321686721
stress166,continuous,twin,,0.32585977735225957,0.08662567190484671,0.0,0.36917261330468293
stress167,continuous,twin,,0.20435821598480236,0.09139674826500496,0.0,0.25005659011730486
stress168,continuous,twin,,0.050700708252951025,0.07589660469122944,0.0,0.08864901059856575
stress169,continuous,twin,,0.47878979967289714,0.23587188208198193,0.0,0.5967257407138881
stress170,continuous,twin,,0.4600335349053194,0.19024358472320443,0.0,0.5551553272669216
stress171,continuous,twin,,0.16214994490262089,0.12966440031938004,0.0,0.2269821450623109
stress172,continuous,twin,,0.2314106535584625,0.09356111016700629,0.0,0.2781912086419656
stress173,continuous,twin,,0.11052957274640571,0.16148670508974747,0.0,0.19127292529127943
stress174,continuous,twin,,0.26403331648957923,0.21499763184062523,0.0,0.37153213240989186
stress175,continuous,twin,,0.04829671938200071,0.08792162221858359,0.0,0.09225753049129251
stress176,continuous,twin,,28.814094331300026,0.5273550673482689,0.0,29.07777186497416
stress177,continuous,twin,,0.3901755100391705,0.1391823945433691,0.0,0.45976670731085506
stress178,continuous,twin,,0.3149197962417599,0.16765128362454848,0.0,0.3987454380540342
stress179,continuous,twin,,0.06251784250568707,0.28265627668357113,0.0,0.20384598084747263
stress180,continuous,twin,,0.7471411566091606,0.10666201200415544,0.0,0.8004721626112383
stress181,continuous,twin,,0.41013851909950433,0.08522315104575968,0.0,0.4527500946223842
stress182,continuous,twin,,0.3665776447523131,0.065879075145265,0.0,0.3995171823249456
stress183,continuous,twin,,0.46216352070564176,0.18362152476504764,0.0,0.5539742830881655
stress184,continuous,twin,,1.264878741268054,1.0,0.0,1.764878741268054
stress185,continuous,twin,,0.08984973783421783,0.1334716219183408,0.0,0.15658554879338824
stress186,continuous,twin,,0.09858904227700109,0.1706949259272457,0.0,0.18393650524062394
stress187,continuous,twin,,0.19544959520964933,0.26013710266582973,0.0,0.32551814654256417
stress188,continuous,twin,,0.40245732185901534,0.2920263623403235,0.0,0.5484705030291771
stress189,continuous,twin,,0.18032980391169678,0.12199971881467947,0.0,0.24132966331903652
stress190,continuous,twin,,0.41288549096920957,0.19153421481125688,0.0,0.508652598374838
stress191,continuous,twin,,0.5422033171645989,1.0,0.0,1.0422033171645988
stress192,continuous,twin,,0.13781002046358465,0.08731753830796388,0.0,0.18146878961756657
stress193,continuous,twin,,0.0854399299490424,0.11709832734754834,0.0,0.14398909362281656
stress194,continuous,twin,,0.2122575338095663,0.1126842978051829,0.0,0.26859968271215773
stress195,continuous,twin,,0.3683674912580162,0.2982830666428206,0.0,0.5175090245794265
stress196,continuous,twin,,0.04046627195166274,0.11749270220060146,0.0,0.09921262305196346
stress197,continuous,twin,,0.18902248437527006,0.8069502358490381,0.0,0.5924976022997891
stress198,continuous,twin,,0.5717315488314476,0.06427802231850521,0.0,0.6038705599907002
stress199,continuous,twin,,4.726042312137987,0.15292636544501723,0.0,4.802505494860496
stress000,single,population,,0.3213415346801737,0.3466402097525498,0.0006209296607617255,0.4946926860394867
stress001,single,population,,0.5109068147909491,0.34632560063805995,0.0011334296607617147,0.6841262865930172
stress002,single,population,,0.33339031790800117,0.3469285926476925,0.0002459296607617335,0.5068669107148855
stress003,single,population,,0.022098032959951552,0.34693057378268066,0.00022092966076173404,0.19557436633432998
stress004,single,population,,1.41392809251738,0.2890343852637838,0.0069243387516697745,1.5587915020868555
stress005,single,population,,0.16695292573867018,0.34686603626902274,0.000291384206216278,0.34040051308349234
stress006,single,population,,0.4054264870130995,0.34689026555029107,0.0003107023880344594,0.5788871549076469
stress007,single,population,,0.2814671331595664,0.2681997602054867,0.009428884206216263,0.4160384574726205
stress008,single,population,,1.40231147624557,0.13605111875144713,0.005185516255012427,1.4705963114340441
stress009,single,population,,0.23224417993914975,0.34687781469412365,0.00029706602439809603,0.4056979405874315
stress010,single,population,,0.29098898019991376,0.34337127056981126,0.003902747842579467,0.4628697528769483
stress011,single,population,,0.6721590138615443,0.34692233636932984,0.00021979329712537042,0.8456311717110655
stress012,single,population,,0.973191515061274,0.3469197147335605,0.000235702388034461,1.146663157547456
stress013,single,population,,0.2069570271398176,0.3466210372472259,0.0005152478425799096,0.38029330815555956
stress014,single,population,,0.0736483022163907,0.3469331954184545,0.00020502056985264344,0.2471251509541106
stress015,single,population,,0.13140631358851268,0.3468886460268714,0.00034820238803445855,0.3048680467213501
stress016,single,population,,0.38514375836027237,0.22706600971025565,0.0073936569334879495,0.4990464460620746
stress017,single,population,,0.09024667584460705,0.3469331954184545,0.00020502056985264344,0.26372352458232695
stress018,single,population,,0.03849439660527478,0.3469331954184545,0.00020502056985264344,0.2119712453429947
stress019,single,population,,0.5331786946611816,0.3464913057503901,0.000997066024398081,0.7064742008375966
stress020,single,population,,0.15879453797714874,0.3469028835917398,0.0002584296607617332,0.3322589012560567
stress021,single,population,,0.5735273535984672,0.34680941186767933,0.00041524784257991165,0.7469528219244358
stress022,single,population,,11.318423890834502,0.11063869381777859,0.00922026841243244,11.374204251164015
stress023,single,population,,0.030242608717900615,0.3469242630080437,0.00020615693348900705,0.2037150480685969
stress024,single,population,,0.03553858522810748,0.3469049237575614,0.00021979329712537042,0.20900203677174445
stress025,single,population,,0.07322407496675862,0.34675470622417637,0.00036865693348900363,0.24661986092552124
stress026,single,population,,0.38212209436867706,0.34647971930459703,0.0012152478425798946,0.5554227164131046
stress027,single,population,,0.12023534305385407,0.346911918322522,0.00026297511530718766,0.29370445097088044
stress028,single,population,,0.0634554996027982,0.3469331954184545,0.00020502056985264344,0.2369323483405181
stress029,single,population,,0.4761112271755103,0.33684572518965966,0.006836838751669792,0.6448759317079236
stress030,single,population,,0.13284433055345063,0.3468883694819545,0.0002572932971253696,0.3063013799592842
stress031,single,population,,0.8693127746661321,0.3469029454407517,0.0002266114789435521,1.042775577960455
stress032,single,population,,0.05620711445277912,0.3453666645900318,0.0016436569334889763,0.22897262959446946
stress033,single,population,,0.10546057557769518,0.3469267288688966,0.00023002056985264293,0.2789354410406361
stress034,single,population,,0.49961401232505587,0.07578814390908942,0.012490909090910772,0.5381326297341461
stress035,single,population,,0.33619919694662476,0.3469148031538642,0.00021411147894355234,0.509667304097504
stress036,single,population,,0.7042509933802875,0.34691528521126913,0.0002072932971253707,0.8777190006507783
stress037,single,population,,0.19883014085326592,0.2908658160766974,0.009490247842579931,0.3447375612837436
stress038,single,population,,0.3181992282242594,0.34507354368553045,0.0018720660243980527,0.4908296033682445
stress039,single,population,,0.055861793323747785,0.34693265977386145,0.00021411147894355234,0.2293388287846257
stress040,single,population,,0.6406909840378783,0.34281947703479737,0.0036084296607613434,0.8122811440383151
stress041,single,population,,0.032835970297803656,0.3469331954184545,0.00020502056985264344,0.20631281903552356
stress042,single,population,,0.335973275811929,0.34371977684867355,0.0031357023880341653,0.5079899493556675
stress043,single,population,,2.2573649653412797,0.3463396650186861,0.001011838751670808,2.4305853897882064
stress044,single,population,,2.435396690503902,0.3468643767723269,0.00033570238803445885,2.608845664009467
stress045,single,population,,2.950094812574619,0.1458424005454498,0.012500000000001552,3.023641012847344
stress046,single,population,,0.039501424441618825,0.3469331954184545,0.00020502056985264344,0.21297827317933873
stress047,single,population,,0.5225504792991118,0.3468309487897701,0.0004391114789435476,0.695987909267944
stress048,single,population,,0.05597644516804282,0.3469242630080437,0.00020615693348900705,0.2294488845187391
stress049,single,population,,0.13607939788080697,0.34366011523309475,0.0030084296607614633,0.30805987698039244
stress050,single,population,,0.05440571199686903,0.3469331954184545,0.00020502056985264344,0.22788256073458893
stress051,single,population,,0.624333468516863,0.1781138666449645,0.007191198073193505,0.7137499617430049
stress052,single,population,,0.07648677281425623,0.3468452031554587,0.0004754751153071832,0.24993314814775094
stress053,single,population,,0.1716627940407367,0.3469331954184545,0.00020502056985264344,0.34513964277845655
stress054,single,population,,0.4565705719854408,0.14452159801146158,0.007391198073193659,0.5292009308948313
stress055,single,population,,0.23997236551528073,0.33631474798810324,0.004676611478942949,0.4083635700832795
stress056,single,population,,0.18445692124433538,0.3461181537901533,0.0014470660243980716,0.35758835144063195
stress057,single,population,,0.35039946323142285,0.33281115295436114,0.005932293297124518,0.5171016543734597
stress058,single,population,,1.1719969711845677,0.34690626207358555,0.0002084296607617343,1.3454605237043986
stress059,single,population,,0.17791820149742052,0.34638862018896743,0.000868656933488993,0.3511559444385787
stress060,single,population,,0.06663602893487737,0.3469242630080437,0.00020615693348900705,0.24010846828557364
stress061,single,population,,1.1262520411713195,0.3467536393671042,0.00048797511530718283,1.299653259610637
stress062,single,population,,0.07072920676272564,0.3410703350365486,0.00458683875167024,0.24149371621858345
stress063,single,population,,0.19113243900152918,0.3464544324360645,0.00040502056985263916,0.36437990624805405
stress064,single,population,,0.5160001371814903,0.34691950147572226,0.000235702388034461,0.6894716730387531
stress065,single,population,,0.13157458673380676,0.3469331954184545,0.00020502056985264344,0.30505143547152663
stress066,single,population,,0.22816573170223375,0.34686207447166184,0.0004391114789435476,0.40161872451201186
stress067,single,population,,0.17238367746337777,0.3469242630080437,0.00020615693348900705,0.345856116814074
stress068,single,population,,0.051394422430929614,0.3469331954184545,0.00020502056985264344,0.22487127116864952
stress069,single,population,,0.07174250872529041,0.3467033945847971,0.0008868387516708107,0.24513854795527248
stress070,single,population,,0.30224646313895626,0.3465629403728148,0.0011720660243980773,0.4755865366265836
stress071,single,population,,0.3432099007509811,0.04182708036363463,0.012500000000001597,0.3647484409327985
stress072,single,population,,0.056815644390403194,0.3469331954184545,0.00020502056985264344,0.23029249312812308
stress073,single,population,,0.3046437515708678,0.346894271219726,0.00031411147894355024,0.478106592754678
stress074,single,population,,0.14494393300416578,0.3465357588644665,0.0009334296607617188,0.3182584839194372
stress075,single,population,,0.1757648044736898,0.3469331954184545,0.00020502056985264344,0.34924165321140965
stress076,single,population,,0.29999270657281785,0.3399625950237226,0.00458342966076115,0.47020317556771724
stress077,single,population,,0.0870216930339994,0.3469242630080437,0.00020615693348900705,0.26049413238469565
stress078,single,population,,0.09831858286208683,0.34690231499259805,0.00028115693348900546,0.2717837982050603
stress079,single,population,,0.08849483240735206,0.3465892692625243,0.000757293297125359,0.2618273317034705
stress080,single,population,,0.05733382261203228,0.3469242630080437,0.00020615693348900705,0.23080626196272858
stress081,single,population,,0.054118581361548374,0.3465873860516563,0.0008663842062162656,0.22745559359768733
stress082,single,population,,0.11240144173611517,0.3455179412059376,0.0018368387516707872,0.2852522542766675
stress083,single,population,,0.09858545898969966,0.34640099902679145,0.0011163842062162604,0.27184177771340623
stress084,single,population,,0.14885663302775765,0.3467918713497552,0.0005584296607617268,0.32228049018567334
stress085,single,population,,0.6077557365261266,0.3449702480274822,0.002214111478943439,0.7803515661138148
stress086,single,population,,0.07080240302829982,0.3415008322078964,0.003767520569852221,0.24174119516074064
stress087,single,population,,0.2912524946995458,0.14327654000000167,0.012500000000001552,0.3635157646995467
stress088,single,population,,0.1339609234291384,0.346930839400432,0.00023229329712537013,0.3074379577942107
stress089,single,population,,0.592754712425262,0.3468477504175525,0.00023342966076173374,0.7661902591170763
stress090,single,population,,0.20719115859969314,0.34691971741537825,0.00023115693348900652,0.3806625751540567
stress091,single,population,,0.22928105817807562,0.18419099117174031,0.01245047511530872,0.32199907751971124
stress092,single,population,,0.09672438507218628,0.3469242630080437,0.00020615693348900705,0.27019682442288256
stress093,single,population,,0.42961654975860236,0.3469216413722723,0.00022206602439809762,0.6030884737459584
stress094,single,population,,0.542933395452421,0.34581714118671036,0.0017743387516707919,0.7159306829833597
stress095,single,population,,0.06785517846348114,0.3469242630080437,0.00020615693348900705,0.24132761781417744
stress096,single,population,,0.1878508167516161,0.3304074518968582,0.0088084296607614,0.3534949641830833
stress097,single,population,,0.3784511767188286,0.34684318702640077,0.0004538842062162745,0.5518954644423397
stress098,single,population,,0.1732696913504448,0.3469242630080437,0.00020615693348900705,0.34674213070114107
stress099,single,population,,0.2529628996220711,0.3467841612874532,0.0005857023880344535,0.42638426538519936
stress100,single,population,,0.21067977510096436,0.08293299129545266,0.012329545454546918,0.252762748021418
stress101,single,population,,0.1602835033803591,0.3469242630080437,0.00020615693348900705,0.33375594273105536
stress102,single,population,,0.05486893272012151,0.34666570412060954,0.00028797511530718713,0.22821618353619166
stress103,single,population,,0.05650854469688493,0.3469242630080437,0.00020615693348900705,0.22998098404758122
stress104,single,population,,0.12788102175942156,0.32986105436993396,0.00808911147894285,0.2932160045183357
stress105,single,population,,0.10362508879668622,0.3469331954184545,0.00020502056985264344,0.2771019375344061
stress106,single,population,,0.6558231698729964,0.3459435801155575,0.0013004751153071657,0.8288599836865405
stress107,single,population,,0.360329500268631,0.34670741183700815,0.0004391114789435476,0.5337051617610822
stress108,single,population,,0.06301574561608897,0.3469242630080437,0.00020615693348900705,0.23648818496678525
stress109,single,population,,0.4206999488642349,0.2289994477656825,0.00814024784257924,0.5356066851392051
stress110,single,population,,0.1765623739984209,0.3469242630080437,0.00020615693348900705,0.3500348133491172
stress111,single,population,,0.03889779649531121,0.3458805474999938,0.002093656933488918,0.21194275309198254
stress112,single,population,,0.15544199428404612,0.3467904994603053,0.0003402478425799133,0.32885425640632776
stress113,single,population,,0.3415138979951391,0.3419134347079711,0.004977747842579253,0.5127195027412536
stress114,single,population,,0.03483171720414728,0.3468392127467561,0.00023229329712537013,0.20826293824238162
stress115,single,population,,0.2258994470188646,0.27145299272188933,0.010542520569853197,0.3621530694083019
stress116,single,population,,0.32319409992195214,0.3468286662037444,0.0003516114789435494,0.49662601359777153
stress117,single,population,,0.3587534812736683,0.3457675115070169,0.0017334296607617017,0.5317239085102148
stress118,single,population,,0.1705441088686947,0.3459451370189947,0.0018482023880344212,0.3436090874975937
stress119,single,population,,0.24872154669793395,0.34691993171866753,0.0002266114789435521,0.4221928431312149
stress120,single,population,,3.6167811130360636,0.1051015021818286,0.012500000000001552,3.669956864126978
stress121,single,population,,0.09193135701822815,0.34692233636933245,0.00021979329712537042,0.2654035148677506
stress122,single,population,,0.30235735936041674,0.3460600578740408,0.0015732023880344326,0.47546604841683887
stress123,single,population,,0.44964517848848157,0.34690319768895256,0.00027547511530718737,0.6231105510887233
stress124,single,population,,0.23000663091967163,0.29812463636585823,0.010953884206217044,0.3796166433129116
stress125,single,population,,0.2874674125279641,0.21609951918178688,0.012500000000001552,0.3961421721188576
stress126,single,population,,0.13200870763646327,0.34671232567823806,0.00030274784257991406,0.3053800078677113
stress127,single,population,,0.19573460457544922,0.34661881755057133,0.0005277478425799093,0.3690704007428639
stress128,single,population,,0.03694051844090761,0.3469331954184545,0.00020502056985264344,0.2104173671786275
stress129,single,population,,0.04618674929810044,0.346783190125092,0.00035956602439809473,0.21959632266186635
stress130,single,population,,0.1998486422059245,0.34593051822874005,0.001553884206216251,0.3728915955306053
stress131,single,population,,1.0060855272879576,0.1330250620323922,0.006429834436830361,1.0729195500259952
stress132,single,population,,0.40711700970768816,0.24539043860970577,0.008768656933488652,0.5302506618592155
stress133,single,population,,0.9044925334781381,0.3222090535106531,0.009940247842580161,1.0660940726255936
stress134,single,population,,0.04269207940853734,0.3469331954184545,0.00020502056985264344,0.21616892814625724
stress135,single,population,,0.5595662145995445,0.14454935493900536,0.005877561709557744,0.632134770154525
stress136,single,population,,0.2324398194908376,0.20388607283383903,0.010132293297125715,0.3348894705726134
stress137,single,population,,0.11876710967579172,0.3469139463077908,0.0002482023880344607,0.2922364929490889
stress138,single,population,,7.804640555811378,0.024274454909089877,0.005155681818181289,7.817035567356832
stress139,single,population,,0.5276220046300103,0.1311537966451549,0.010194607164103779,0.5937086333107929
stress140,single,population,,0.05170084781122641,0.3468122086307255,0.00023115693348900652,0.2251185099732636
stress141,single,population,,0.9799031492328313,0.34665435533690664,0.0006186569334889982,1.1532612597479592
stress142,single,population,,2.1808979481344775,0.34672525184808217,0.000824338751670812,2.354301790996102
stress143,single,population,,0.6704717203593668,0.20489782834373663,0.008418656933488474,0.7733415673779095
stress144,single,population,,0.3425834290902586,0.3469242630080437,0.00020615693348900705,0.5160558684409549
stress145,single,population,,1.0873282656517556,0.3468604142752539,0.0002163842062162796,1.2607692919996933
stress146,single,population,,0.06600117399643178,0.3469331954184545,0.00020502056985264344,0.23947802273415167
stress147,single,population,,0.1967131277705884,0.3469242630080437,0.00020615693348900705,0.3701855671212847
stress148,single,population,,0.1462601186476471,0.3469242630080437,0.00020615693348900705,0.3197325579983434
stress149,single,population,,0.9307671676117079,0.34485159987960434,0.0025311569334888306,1.1033195253981845
stress150,single,population,,0.07971160986278437,0.3469322314854628,0.0002186569334890068,0.25318865845219024
stress151,single,population,,0.32613969848614655,0.3432527118399555,0.0038970660243976495,0.4979609077073442
stress152,single,population,,0.0801406611027519,0.34677799166443796,0.0006027478425799077,0.25355979432709985
stress153,single,population,,0.09507877473624347,0.3469242630080437,0.00020615693348900705,0.26855121408693977
stress154,single,population,,0.1413510870903838,0.3342502961371911,0.00655615693348803,0.3088040430056538
stress155,single,population,,0.44801631290186006,0.3467920395807596,0.00046979329712536504,0.621435822357096
stress156,single,population,,1.8089269890764057,0.3457180925812856,0.0015822932971253413,1.9818651500319047
stress157,single,population,,0.058910639034909805,0.3462589379277881,0.0012447932971253485,0.23210234766366014
stress158,single,population,,0.34338003498647385,0.3469331954184545,0.00020502056985264344,0.5168568837241937
stress159,single,population,,0.04350502071010077,0.3469242630080437,0.00020615693348900705,0.21697746006079704
stress160,single,population,,1.1684619137104866,0.17738507216923008,0.007565061709557117,1.2575327028805796
stress161,single,population,,0.04238567740777011,0.3469331954184545,0.00020502056985264344,0.21586252614549
stress162,single,population,,0.08623338289148205,0.3435044676372973,0.00232433875167069,0.2581018336477142
stress163,single,population,,0.25548384406746844,0.16910485281815502,0.012500000000001552,0.34066127047654604
stress164,single,population,,0.4473337463918371,0.34627391815388703,0.0010163842062162625,0.6205215246790914
stress165,single,population,,0.40336548740812006,0.3469242630080437,0.00020615693348900705,0.5768379267588164
stress166,single,population,,0.1661713199153076,0.34639178460859976,0.0012879751153071657,0.33943161097537283
stress167,single,population,,0.0985125669414137,0.34669582392674925,0.0003641114789435491,0.2718786844787355
stress168,single,population,,0.030752558942841627,0.3469242630080437,0.00020615693348900705,0.2042249982935379
stress169,single,population,,0.4133894735942102,0.34688214706849796,0.00030502056985264134,0.5868457981569518
stress170,single,population,,0.2983331847521947,0.31908502600121563,0.009784566024398264,0.45836492605402246
stress171,single,population,,0.10592655863124112,0.34063121841570604,0.005190247842579211,0.2765016802312231
stress172,single,population,,0.13954007209863267,0.3469331954184545,0.00020502056985264344,0.3130169208363526
stress173,single,population,,0.10438214107226175,0.31373033214864593,0.009717520569852775,0.2617331831750774
stress174,single,population,,0.19619515292067435,0.34686002217750006,0.00023456602439809738,0.3696368923106443
stress175,single,population,,0.03771703753902566,0.3464035007736663,0.0011425205698526234,0.21097591395435145
stress176,single,population,,52.98241620733098,0.34612817654540995,0.000291384206216278,53.15549486481399
stress177,single,population,,0.21497906753219248,0.34673016248622157,0.0006766114789435425,0.38837797934925045
stress178,single,population,,0.21703702972951852,0.3468070769557214,0.0005743387516708174,0.39046928514496276
stress179,single,population,,0.058593183762046475,0.3468383615506835,0.0004902478425799101,0.23203687692951722
stress180,single,population,,0.43808265693000603,0.34582227961271256,0.002202747842579805,0.6111039341284913
stress181,single,population,,0.19217888071642694,0.34634634682815424,0.0012175205698526218,0.36541293015899673
stress182,single,population,,0.13125817344278648,0.3469242630080437,0.00020615693348900705,0.3047306127934828
stress183,single,population,,0.30727743190176904,0.3350060527511883,0.007185702388033359,0.4751397433967648
stress184,single,population,,2.6274547382203357,0.34686046786244035,0.00021411147894355234,2.8008956777255034
stress185,single,population,,0.05693861926828938,0.3469242630080437,0.00020615693348900705,0.23041105861898567
stress186,single,population,,0.19547770211193016,0.10280488963635634,0.012500000000001552,0.24750514693010842
stress187,single,population,,0.16127013099573345,0.3449201702362021,0.0023891114789434042,0.3338496716877816
stress188,single,population,,0.367593330249488,0.34673924577249404,0.00041524784257991165,0.540983715527864
stress189,single,population,,0.09004932112985971,0.3458369160205715,0.0017004751153071572,0.2630528028959108
stress190,single,population,,0.3141214952215048,0.3467848559427898,0.00022320238803446123,0.4875250833123014
stress191,single,population,,1.2394421530426754,0.3468971936404474,0.00020956602439809791,1.412901228164119
stress192,single,population,,0.06002897568510668,0.34687579092649673,0.0003107023880344594,0.23348240626775676
stress193,single,population,,0.052858711788111634,0.34693057378268316,0.00022092966076173404,0.2263350451624913
stress194,single,population,,0.10643755672921766,0.3468780601095161,0.0003095660243980958,0.2798920650851956
stress195,single,population,,0.3397324524155649,0.34622303039220265,0.0013402478425798918,0.5129109800037952
stress196,single,population,,0.03535915858388097,0.3469331954184545,0.00020502056985264344,0.20883600732160087
stress197,single,population,,0.8863960162497749,0.27931135578545674,0.012431156933490527,1.026673251989178
stress198,single,population,,0.3113356203539902,0.3469242630080437,0.00020615693348900705,0.4848080597046865
stress199,single,population,,4.244819633656678,0.3468939286857119,0.00023456602439809738,4.4182783263007535
stress000,single,twin,,0.6615706932578421,0.09706812913018593,1.3723556168927106e-05,0.7101054440007436
stress001,single,twin,,0.2844710990541663,0.9603117727272883,0.002572727272727515,0.7647556217814468
stress002,single,twin,,0.3404235990808602,0.330188006770805,0.00011643023415193632,0.5055234239779702
stress003,single,twin,,0.0424309321124201,0.1374916663057738,0.00018454030305313886,0.11118599228045967
stress004,single,twin,,1.1472057384594672,0.6313894569171358,0.012312236561011538,1.4635160787460855
stress005,single,twin,,0.34672071346707706,0.050540860530036535,0.0,0.3719911437320953
stress006,single,twin,,0.22714473481402722,0.8621477092446377,0.0013139745324779169,0.6582842881629699
stress007,single,twin,,0.2861369212006458,0.25993999318305155,0.009091285657532415,0.4165614820750482
stress008,single,twin,,2.1263026693523255,0.003229768724231339,0.023032323195969234,2.1290691698742394
stress009,single,twin,,0.21604109398030247,0.3824082171094127,0.0003651535934775916,0.40726346021468274
stress010,single,twin,,0.37223052472333923,0.2424536110062875,0.0016136363636363293,0.4935380120446648
stress011,single,twin,,0.9397974532929024,1.488022727272735e-06,0.00043863636363635937,0.9398201291224478
stress012,single,twin,,0.5390058046374253,0.7603811908990741,0.011505346918199034,0.9197716674328723
stress013,single,twin,,0.09916238005720886,0.9794432276914797,0.00130055197952151,0.5889490215019249
stress014,single,twin,,0.12681873047009132,0.06255375744126658,0.006164129493907112,0.15840381566541994
stress015,single,twin,,0.188195618042498,0.18698235775151445,0.00015452576526959707,0.28169452320651867
stress016,single,twin,,0.40973053021893674,0.19139896422619873,0.029278073411363736,0.5068939160026043
stress017,single,twin,,0.14055617062268755,0.09196540470586065,0.0,0.1865388729756179
stress018,single,twin,,0.06125914429014615,0.10067162991859473,3.9335390381595675e-06,0.11159515592639542
stress019,single,twin,,0.45354757564946413,0.6513703735442963,0.09072771470979549,0.783769148157102
stress020,single,twin,,0.29675905344648473,0.12986384749908444,2.272727272727224e-05,0.3616921135596633
stress021,single,twin,,0.4217049953285909,0.5992858029687617,0.04689519554519887,0.7236926565902316
stress022,single,twin,,13.852543520913423,0.08613448779016025,0.049261487835960384,13.898073839200302
stress023,single,twin,,0.056383324370650474,0.13242463783111413,0.0,0.12259564328620753
stress024,single,twin,,0.18259920547971498,0.07100242815258832,0.004722807061687872,0.21833655990909354
stress025,single,twin,,0.20992455391856105,0.09568353569931919,0.00014545454545454234,0.25777359449549336
stress026,single,twin,,0.432304501687766,0.24557785674107938,0.0007108777734228874,0.5551289739469768
stress027,single,twin,,0.19219200757266525,0.11156508088797146,6.303663579539224e-05,0.24797769984844076
stress028,single,twin,,0.18149001609060014,0.024252598512699185,0.0,0.19361631534694973
stress029,single,twin,,0.25543018870380607,0.6203056875164152,0.01246725939372777,0.5662063954317
stress030,single,twin,,0.24050171221022962,0.1356719472630723,7.720949451982742e-05,0.3083415463164918
stress031,single,twin,,0.8805566607115471,0.3202619315710979,0.00017346421583019203,1.0406962997078877
stress032,single,twin,,0.11588812086976787,0.09621161369151969,0.00174902164310342,0.16408137879768286
stress033,single,twin,,0.1578180799948153,0.14331735057304912,0.00012000418597304184,0.2294827554906385
stress034,single,twin,,0.5185490840562554,0.09610056871663453,0.040981033717551345,0.5686484201004502
stress035,single,twin,,0.3848343248282609,0.2606804827171286,3.973128473384803e-06,0.5151747648432489
stress036,single,twin,,0.7922541775417704,0.24650800372318812,0.0016132592690390568,0.9155888423668165
stress037,single,twin,,0.19203351902971985,0.31764677082861204,0.011994322686902207,0.35145662057837096
stress038,single,twin,,0.27872539093396614,0.4610601123978488,0.010684231905889578,0.5097896587281849
stress039,single,twin,,0.06818189646415886,0.22463473291677452,0.00021372402867019568,0.18050994912397963
stress040,single,twin,,0.9034886186154002,0.11788387836362606,0.012500000000001552,0.9630555577972133
stress041,single,twin,,0.2645683648730901,0.004833784295454372,0.012064772727274705,0.267588495657181
stress042,single,twin,,0.3572459015493134,0.30267347765141944,0.00803838155097111,0.5089845594525717
stress043,single,twin,,1.197745787295116,0.472122529363618,0.012500000000001552,1.4344320519769251
stress044,single,twin,,1.6747540874427842,0.5395273785411184,0.09978779459786129,1.9495071664432366
stress045,single,twin,,2.950094812574619,0.1458424005454498,0.012500000000001552,3.023641012847344
stress046,single,twin,,0.13024820715699156,0.024915253116406834,0.0,0.142705833715195
stress047,single,twin,,0.7876890068880643,0.0,0.0,0.7876890068880643
stress048,single,twin,,0.44927865418361385,0.00013055276643099005,0.005944433942810704,0.4496411522639699
stress049,single,twin,,0.2677640105045359,0.11045046109282243,0.0016053060146285817,0.3230695063516785
stress050,single,twin,,0.079931767685833,0.11796502214413936,0.0,0.1389142787579027
stress051,single,twin,,0.591172812549272,0.20745018324392536,0.014857795979336067,0.6956407939702014
stress052,single,twin,,0.13377705757530836,0.13682666092258203,0.00012839210551387158,0.2021968076418751
stress053,single,twin,,0.2556350900716607,0.19282729291400474,0.0,0.3520487365286631
stress054,single,twin,,0.35763825544434785,0.3081729863426293,0.02153381150520666,0.5128014391909229
stress055,single,twin,,0.2526093511405874,0.3275470218714409,0.016349062403945534,0.41720031519650513
stress056,single,twin,,0.19739101424511538,0.32168739888543285,0.003098547196457624,0.35838964104765464
stress057,single,twin,,0.3375229274988895,0.3786996890174531,0.016793147677232872,0.5277124293914777
stress058,single,twin,,1.1625005204883092,0.35791998666239033,0.000417481921269238,1.3414813879155678
stress059,single,twin,,0.1884002886372136,0.3248063059030743,0.0008074108586770074,0.35084381213168464
stress060,single,twin,,0.09177029741895838,0.1427927996334649,0.0,0.16316669723569083
stress061,single,twin,,0.5282144641709625,0.8206195241894014,0.015463669216297002,0.9392974097264781
stress062,single,twin,,0.23367995339863026,0.01902543427272935,0.012500000000001552,0.243817670534995
stress063,single,twin,,0.6481935314905493,0.08934770091196328,0.0,0.6928673819465309
stress064,single,twin,,0.7226024058446511,0.09200118393730597,0.0,0.7686029978133041
stress065,single,twin,,0.17322538616579308,0.16507633317262788,0.0,0.25576355275210705
stress066,single,twin,,0.40195016934347516,0.09066702673020871,7.277046117785992e-05,0.44728732123163845
stress067,single,twin,,0.5116166101328927,0.0002955275175273023,0.013083756122484677,0.5124185616977807
stress068,single,twin,,0.10924898369836601,0.06859636272770946,0.00047499999999998986,0.14357091506222072
stress069,single,twin,,0.21050299749592394,0.08486361750004658,0.0003605692493129308,0.25295283470841284
stress070,single,twin,,0.48335952351718653,0.14917064079334533,9.069346525240799e-05,0.5579493785871219
stress071,single,twin,,0.3432099007509811,0.04182708036363463,0.012500000000001597,0.3647484409327985
stress072,single,twin,,0.27573220657040465,1.3668021728964688e-10,4.55072783538685e-06,0.27573243417513654
stress073,single,twin,,0.5484661471969224,0.0874967461698584,0.00026934910500512834,0.5922279877371018
stress074,single,twin,,0.37192055839284033,0.10990892633632052,0.00041363636363635486,0.4268957033791824
stress075,single,twin,,0.2680245590573874,0.06830685149170095,0.0,0.3021779848032379
stress076,single,twin,,0.3118486850187778,0.3149595771855382,0.005312241842511167,0.4695940857036725
stress077,single,twin,,0.2413645646370042,0.061391759377394266,0.00022873995179032458,0.27207188132329085
stress078,single,twin,,0.5216431742452157,0.0,0.0,0.5216431742452157
stress079,single,twin,,0.11322129089584486,0.24365155920995518,0.0009165799867707491,0.235092899500161
stress080,single,twin,,0.24049542400374474,0.0,0.0,0.24049542400374474
stress081,single,twin,,0.2250648808375816,0.16652192091070334,0.003438391681766315,0.3084977608770216
stress082,single,twin,,0.18153639313705555,0.15101248739944578,0.0013926122694107722,0.25711226745024895
stress083,single,twin,,0.2532980790841918,0.09235045811056937,0.0010367725596769864,0.29952514676746034
stress084,single,twin,,0.3239721849189795,0.0957553621666537,0.00011590909090908843,0.3718556614568518
stress085,single,twin,,0.4504755337568672,0.5966931566136428,0.012242045454547434,0.749434214336416
stress086,single,twin,,0.10940501985699111,0.11106534416248078,0.00308832202378539,0.16509210803942076
stress087,single,twin,,0.39630335798915634,0.09602446986264221,0.006823294469430643,0.44465675764394896
stress088,single,twin,,0.16019340551994676,0.02799019376606752,3.995039409696305e-05,0.17419049992268537
stress089,single,twin,,0.7956713693770704,0.01,0.0,0.8006713693770704
stress090,single,twin,,0.23949807570522078,0.977670658794038,0.02023220255747602,0.7293450152301135
stress091,single,twin,,0.36002359224574426,0.09914090454545693,0.012500000000001552,0.4102190445184728
stress092,single,twin,,0.16854353940020178,0.1355171052318128,0.0005584912660568135,0.23633001657941102
stress093,single,twin,,0.566416856735306,0.1499902524913681,0.0,0.64141198298099
stress094,single,twin,,0.6106989102866568,0.28402133369641047,0.0035002202082930873,0.7528845881452766
stress095,single,twin,,0.5763601874866762,0.0,0.0,0.5763601874866762
stress096,single,twin,,0.3682112013717386,0.1288622437795652,0.0023972320624130903,0.43276218486464185
stress097,single,twin,,0.5591851631865534,0.009967987529239062,0.002427014452643948,0.5642905076738052
stress098,single,twin,,0.2212704940438396,0.1485166346768871,0.0,0.29552881138228315
stress099,single,twin,,0.5524753016152544,0.009974309997787747,0.0003703524629604006,0.5574809742372963
stress100,single,twin,,0.2307003645355522,0.06311795695008449,0.012682817593438072,0.26289348389026634
stress101,single,twin,,0.2852709731504185,0.08884482544467916,0.0,0.3296933858727581
stress102,single,twin,,0.1077632774487446,0.14388946936855532,0.00016029743869888101,0.1797160270049572
stress103,single,twin,,0.3608152839505247,0.0,0.0,0.3608152839505247
stress104,single,twin,,0.19729760647491024,0.16224967346234379,0.007156734297960756,0.27878027992098015
stress105,single,twin,,0.141706703491615,0.13975499856909568,0.0,0.21158420277616283
stress106,single,twin,,0.8056799291585077,0.2160718815198997,0.0004744107735937837,0.9137395904571373
stress107,single,twin,,0.17060189931375913,0.9613144675454575,0.0013193181818182277,0.6513250989955788
stress108,single,twin,,0.11839890917232655,0.10876057012681192,0.0,0.17277919423573251
stress109,single,twin,,0.4764824059101362,0.16178911854753442,0.010891057669724816,0.5579215180673895
stress110,single,twin,,0.22766823438241285,0.2114010940058364,0.0002219917073526645,0.3333798809706987
stress111,single,twin,,0.09832978918335798,0.10543115852101953,0.0020534926284702395,0.15114804307529126
stress112,single,twin,,0.3304188664030994,0.061885240267982346,8.583547307372137e-05,0.3613657783107443
stress113,single,twin,,0.30421015285786807,0.4086523059328489,0.00993353893718338,0.5090329827711517
stress114,single,twin,,0.06169097722109216,0.17238880723656883,6.968170649417794e-05,0.1478888649247013
stress115,single,twin,,0.15901350146765658,0.5021771473199891,0.012057761745884816,0.4107049632149454
stress116,single,twin,,0.343753899484455,0.3028259213805777,0.001801870522767128,0.49525695370088224
stress117,single,twin,,0.5198288493804336,0.16262293759077207,0.00024318181818181302,0.6011524772667288
stress118,single,twin,,0.18561168144060988,0.2717112288775231,0.0029392499179747207,0.32161425837527013
stress119,single,twin,,0.44015248794949446,0.06297732626436238,0.025690626375340753,0.4729256824004427
stress120,single,twin,,6.207739062940555,1.039123442441107e-05,0.0008231715769706314,6.207785417136615
stress121,single,twin,,0.35948982369430865,0.01,0.0,0.36448982369430866
stress122,single,twin,,0.2416999686294678,0.5292405617439075,0.011933873095537903,0.5069169431561985
stress123,single,twin,,0.5069585991405516,0.10981524159589934,0.006954545454544393,0.5622139472112285
stress124,single,twin,,0.5055013718704046,0.10104956174866342,0.0033068181818178472,0.5561914936538273
stress125,single,twin,,0.2874674125279641,0.21609951918178688,0.012500000000001552,0.3961421721188576
stress126,single,twin,,0.20439121452481995,0.13864628478010066,6.818181818181672e-05,0.27371776600577935
stress127,single,twin,,0.2912442247641713,0.17632268925208064,0.00018545226690722024,0.37941484200355696
stress128,single,twin,,0.043802552356215725,0.6136537159655179,0.010526260766119714,0.3511557233772806
stress129,single,twin,,0.11585352662440329,0.10932065369909169,0.00012272727272727012,0.1705199898375855
stress130,single,twin,,0.2880355756438921,0.17981045681942287,0.0007798101482530613,0.37797979456101616
stress131,single,twin,,0.7841224261651816,0.36668539397291156,0.013899242613038456,0.9681600852822893
stress132,single,twin,,0.3379994322223793,0.3649114902313501,0.02015721459512549,0.5214630380678106
stress133,single,twin,,0.8181743583719477,0.3588952179999111,0.012500000000001552,0.9982469673719034
stress134,single,twin,,0.0709657707052727,0.13150428016458066,0.0,0.136717910787563
stress135,single,twin,,0.5543296233118004,0.15379793459475136,0.006039547392156368,0.6315305679787838
stress136,single,twin,,0.5429092315378398,0.008157046634230612,0.006743549840424036,0.5473249323469763
stress137,single,twin,,0.17763744460120298,0.15261706791157692,0.0006248393370871363,0.25397722052384575
stress138,single,twin,,8.224405867008922,0.007771281352615859,0.023853476656443738,8.229484181518053
stress139,single,twin,,0.5185953006412233,0.13555368752272623,0.010534090909091454,0.586898848948041
stress140,single,twin,,0.053625927368253924,0.1710778029182138,1.136363636363612e-05,0.13916539700917901
stress141,single,twin,,0.5302213587355498,0.7836357994059577,0.01417176604138998,0.9227478467405982
stress142,single,twin,,1.156833958262791,0.9614187687304474,0.013401537009013817,1.6382134194784652
stress143,single,twin,,0.5566635122282882,0.34212703787366777,0.020107264711710048,0.7287323944007077
stress144,single,twin,,0.3992589850875779,0.20710499356360715,0.0001428367824080088,0.5028186237085019
stress145,single,twin,,0.7059715376895703,0.864164168004845,0.049668918211521675,1.1405370676025688
stress146,single,twin,,0.1062429484328755,0.12181060081972632,0.0,0.16714824884273866
stress147,single,twin,,0.2910345977132787,0.12500243353208412,0.0,0.3535358144793208
stress148,single,twin,,0.4728343404450105,0.0,0.0,0.4728343404450105
stress149,single,twin,,0.5657871669044564,0.7564534556817878,0.01097613636363928,0.9445627015635322
stress150,single,twin,,0.16828246441274872,0.1295341575341345,0.000406664099973657,0.23306987638481466
stress151,single,twin,,0.645429465487255,0.09385082450523109,0.0002477272727272674,0.6923672641035069
stress152,single,twin,,0.14018180263064192,0.1300786179226462,0.0004821253031690845,0.20524521785712346
stress153,single,twin,,0.3512760234039365,0.0,0.0,0.3512760234039365
stress154,single,twin,,0.11720413072866438,0.5970474322303684,0.007574785002624615,0.41610658609397977
stress155,single,twin,,0.3912469295230547,0.47714186109930473,0.0007529974950345956,0.6298555099474588
stress156,single,twin,,1.0902443081627897,0.5005397223636568,0.012500000000001552,1.3411391693446182
stress157,single,twin,,0.36642274785335627,0.0013738409294432074,0.019146519233363402,0.36806699427974604
stress158,single,twin,,0.6394124352344129,6.788191730054116e-08,9.656968664196443e-05,0.6394172976597037
stress159,single,twin,,0.1965186354603482,0.00016219134090909157,0.00491704545454545,0.19684558340353003
stress160,single,twin,,0.8791449069186089,0.36651497989273574,0.03551294092243339,1.0641780439110984
stress161,single,twin,,0.06704557550077607,0.18592348622792199,0.00031757170266602123,0.16002319719987035
stress162,single,twin,,0.13691960845302034,0.09540881625747372,0.00211922408617446,0.18472997778606592
stress163,single,twin,,0.25548384406746844,0.16910485281815502,0.012500000000001552,0.34066127047654604
stress164,single,twin,,0.8046938886569691,0.09257266052271575,0.0,0.850980218918327
stress165,single,twin,,0.6510481708582216,0.0754376376307467,0.0,0.688766989673595
stress166,single,twin,,0.2924654129124323,0.13988949803003448,0.0021518822325893383,0.362517756039079
stress167,single,twin,,0.1903794578798709,0.10579103440030498,0.0001064460508803529,0.2432802973825674
stress168,single,twin,,0.04776042610113768,0.08729659699627403,0.0,0.0914087245992747
stress169,single,twin,,0.7680372265896142,0.0,0.0,0.7680372265896142
stress170,single,twin,,0.25439285385304633,0.4053588670792827,0.015762419027081562,0.45786040834404174
stress171,single,twin,,0.15244849540418828,0.16460276537489812,0.00478409090909028,0.23498908263709184
stress172,single,twin,,0.22571101807872443,0.10092503321253585,0.0,0.27617353468499234
stress173,single,twin,,0.15278105337862224,0.1472980129730812,0.009765265034613594,0.22691832311689353
stress174,single,twin,,0.23059850847561505,0.27043897115050575,5.053526234227501e-05,0.36582052081398503
stress175,single,twin,,0.06341578702313568,0.07313346996315381,0.0007863636363636196,0.10002184018653076
stress176,single,twin,,15.858585024376394,0.0,0.0,15.858585024376394
stress177,single,twin,,0.4032812455107357,0.13035729625235176,0.00024090909090908577,0.468471939091457
stress178,single,twin,,0.16708272866623874,0.5665454798490605,0.003970288782107803,0.45055398302987437
stress179,single,twin,,0.5926844949666116,0.002680708928048194,0.021732723507670054,0.5951114856060192
stress180,single,twin,,0.23164703914133428,0.9476063270455398,0.006059090909092549,0.7057531572095588
stress181,single,twin,,0.40873072334100197,0.0862927256036523,0.0008420989182621634,0.45191919108874123
stress182,single,twin,,0.3571647177965589,0.06964321701538824,3.2881633822435704e-05,0.39198797038594413
stress183,single,twin,,0.40227220848932904,0.22933234736895552,0.003932591217717083,0.5171350117346927
stress184,single,twin,,1.6741030368652188,0.977485313577466,0.0635845602628085,2.1660249216670926
stress185,single,twin,,0.09978406131638871,0.11157971552223424,0.0024546514900915277,0.1556966516520104
stress186,single,twin,,0.3866030741597088,0.25198994265920566,0.009457634323279526,0.5130709272054756
stress187,single,twin,,0.22122309448902733,0.22616944288313234,0.004457247290228733,0.3345306782951049
stress188,single,twin,,0.22857653116738058,0.7490131038120574,0.0037131444640722175,0.6032687402966129
stress189,single,twin,,0.1814354332719021,0.1212345599332339,0.0006522727272727134,0.24208532687488268
stress190,single,twin,,0.4264543253363166,0.1764565479966521,0.0,0.5146825993346427
stress191,single,twin,,0.6591180552516026,0.8417146783545385,0.018848446428436298,1.0809178167502937
stress192,single,twin,,0.17415255522805972,0.0885489241530229,0.0031692785403921947,0.21858548123159077
stress193,single,twin,,0.21999771753969025,0.11096306864890554,0.013919557344911928,0.27617522973138864
stress194,single,twin,,0.22282147202540556,0.10176994952313705,8.809323327321812e-05,0.27371085144863777
stress195,single,twin,,0.1646229477481419,0.994371836400046,0.004429130127558046,0.6620303224545429
stress196,single,twin,,0.043485586191228366,0.09638259092114712,0.0,0.09167688165180193
stress197,single,twin,,0.8921285941494193,0.28189880463512207,0.020979267853983387,1.0341269598596794
stress198,single,twin,,0.7679476335058252,0.01,0.0,0.7729476335058252
stress199,single,twin,,5.203027201639051,0.0,0.0,5.203027201639051
stress000,dual,population,,0.23018102684126085,0.49989778208567237,0.0,0.48012991788409703
stress001,dual,population,,0.41894377129922716,0.49989778208567237,0.0,0.6688926623420633
stress002,dual,population,,0.2809621865619734,0.49989778208567237,0.0,0.5309110776048096
stress003,dual,population,,0.021420930817445963,0.49989778208567237,0.0,0.27136982186028213
stress004,dual,population,,1.2475163520578443,0.49989778208567237,0.0,1.4974652431006805
stress005,dual,population,,0.13276123752955238,0.49989778208567237,0.0,0.38271012857238856
stress006,dual,population,,0.32362466521259964,0.49989778208567237,0.0,0.5735735562554358
stress007,dual,population,,0.16556713900263004,0.49989778208567237,0.0,0.4155160300454662
stress008,dual,population,,0.6832954547103551,0.49989778208567237,0.0,0.9332443457531914
stress009,dual,population,,0.1721010544592538,0.49989778208567237,0.0,0.42204994550208996
stress010,dual,population,,0.20889228979687938,0.49989778208567237,0.0,0.4588411808397156
stress011,dual,population,,0.6173400969445421,0.49989778208567237,0.0,0.8672889879873782
stress012,dual,population,,0.7901033647832095,0.49989778208567237,0.0,1.0400522558260457
stress013,dual,population,,0.15609526160559298,0.49989778208567237,0.0,0.4060441526484292
stress014,dual,population,,0.061805389373543254,0.49989778208567237,0.0,0.3117542804163794
stress015,dual,population,,0.10812765538361857,0.49989778208567237,0.0,0.35807654642645476
stress016,dual,population,,0.30766098685729,0.49989778208567237,0.0,0.5576098779001262
stress017,dual,population,,0.07655230514940341,0.49989778208567237,0.0,0.3265011961922396
stress018,dual,population,,0.03788634008634322,0.49989778208567237,0.0,0.2878352311291794
stress019,dual,population,,0.43792830790352416,0.49989778208567237,0.0,0.6878771989463603
stress020,dual,population,,0.12092593090103824,0.49989778208567237,0.0,0.37087482194387444
stress021,dual,population,,0.44855799082099523,0.49989778208567237,0.0,0.6985068818638314
stress022,dual,population,,5.740296125729006,0.49989778208567237,0.0,5.9902450167718415
stress023,dual,population,,0.026191799026366817,0.49989778208567237,0.0,0.276140690069203
stress024,dual,population,,0.028313432037085116,0.49989778208567237,0.0,0.2782623230799213
stress025,dual,population,,0.06597740119870027,0.49989778208567237,0.0,0.31592629224153645
stress026,dual,population,,0.32655947261045054,0.49989778208567237,0.0,0.5765083636532867
stress027,dual,population,,0.10159310391234147,0.49989778208567237,0.0,0.3515419949551777
stress028,dual,population,,0.053517506936499495,0.49989778208567237,0.0,0.30346639797933567
stress029,dual,population,,0.3036828919039129,0.49989778208567237,0.0,0.5536317829467491
stress030,dual,population,,0.10339141316389089,0.49989778208567237,0.0,0.3533403042067271
stress031,dual,population,,0.8095565502916693,0.49989778208567237,0.0,1.0595054413345055
stress032,dual,population,,0.036172716858612106,0.49989778208567237,0.0,0.2861216079014483
stress033,dual,population,,0.09065657951456492,0.49989778208567237,0.0,0.3406054705574011
stress034,dual,population,,0.10820229361365831,0.49989778208567237,0.0,0.3581511846564945
stress035,dual,population,,0.27479459680370555,0.49989778208567237,0.0,0.5247434878465418
stress036,dual,population,,0.6011337190523925,0.49989778208567237,0.0,0.8510826100952287
stress037,dual,population,,0.11314693337384032,0.49989778208567237,0.0,0.36309582441667654
stress038,dual,population,,0.2559145735417302,0.49989778208567237,0.0,0.5058634645845663
stress039,dual,population,,0.06757198008257237,0.49989778208567237,0.0,0.31752087112540855
stress040,dual,population,,0.5373740487115719,0.49989778208567237,0.0,0.7873229397544081
stress041,dual,population,,0.029866352852602727,0.49989778208567237,0.0,0.27981524389543894
stress042,dual,population,,0.2734665476159105,0.49989778208567237,0.0,0.5234154386587466
stress043,dual,population,,1.0725863841570238,0.49989778208567237,0.0,1.32253527519986
stress044,dual,population,,1.78088489710473,0.49989778208567237,0.0,2.030833788147566
stress045,dual,population,,0.3838832285228814,0.49989778208567237,0.0,0.6338321195657176
stress046,dual,population,,0.03410557013466586,0.49989778208567237,0.0,0.28405446117750205
stress047,dual,population,,0.46035125294629897,0.49989778208567237,0.0,0.7103001439891352
stress048,dual,population,,0.04499522352916542,0.49989778208567237,0.0,0.2949441145720016
stress049,dual,population,,0.09987204273912582,0.49989778208567237,0.0,0.349820933781962
stress050,dual,population,,0.049887898211364946,0.5000943327679019,8.556763210440875e-05,0.29993934297692115
stress051,dual,population,,0.38864484761162527,0.49989778208567237,0.0,0.6385937386544615
stress052,dual,population,,0.05872949044947588,0.49989778208567237,0.0,0.3086783814923121
stress053,dual,population,,0.13071361142699148,0.49989778208567237,0.0,0.3806625024698277
stress054,dual,population,,0.2721230691612077,0.49989778208567237,0.0,0.5220719602040439
stress055,dual,population,,0.19893782347781316,0.49989778208567237,0.0,0.4488867145206493
stress056,dual,population,,0.13489667017920323,0.49989778208567237,0.0,0.3848455612220394
stress057,dual,population,,0.27745347011081267,0.49989778208567237,0.0,0.5274023611536489
stress058,dual,population,,1.0510318427268048,0.49989778208567237,0.0,1.300980733769641
stress059,dual,population,,0.12495802946564355,0.49989778208567237,0.0,0.37490692050847974
stress060,dual,population,,0.05676087825667832,0.49989778208567237,0.0,0.3067097692995145
stress061,dual,population,,0.8722764279828013,0.49989778208567237,0.0,1.1222253190256375
stress062,dual,population,,0.031813707444296555,0.49989778208567237,0.0,0.28176259848713275
stress063,dual,population,,0.12488940311528099,0.49989778208567237,0.0,0.3748382941581172
stress064,dual,population,,0.43683134323974454,0.49989778208567237,0.0,0.6867802342825807
stress065,dual,population,,0.11126122778790605,0.49989778208567237,0.0,0.3612101188307422
stress066,dual,population,,0.18878091242728884,0.49989778208567237,0.0,0.438729803470125
stress067,dual,population,,0.14108942957851411,0.49989778208567237,0.0,0.3910383206213503
stress068,dual,population,,0.04114589659443062,0.49989778208567237,0.0,0.2910947876372668
stress069,dual,population,,0.05084217052797019,0.49989778208567237,0.0,0.3007910615708064
stress070,dual,population,,0.2347001994488274,0.49989778208567237,0.0,0.4846490904916636
stress071,dual,population,,0.08616226328047952,0.49989778208567237,0.0,0.33611115432331573
stress072,dual,population,,0.04722314834108771,0.49989778208567237,0.0,0.2971720393839239
stress073,dual,population,,0.24142193841057008,0.49989778208567237,0.0,0.49137082945340627
stress074,dual,population,,0.1035517610719849,0.49989778208567237,0.0,0.35350065211482107
stress075,dual,population,,0.15184093945765123,0.49989778208567237,0.0,0.40178983050048744
stress076,dual,population,,0.23846276074075332,0.49989778208567237,0.0,0.4884116517835895
stress077,dual,population,,0.07022107998618721,0.49989778208567237,0.0,0.3201699710290234
stress078,dual,population,,0.08104836350762762,0.49989778208567237,0.0,0.3309972545504638
stress079,dual,population,,0.06798840938506295,0.49989778208567237,0.0,0.31793730042789914
stress080,dual,population,,0.04912767006252831,0.49989778208567237,0.0,0.2990765611053645
stress081,dual,population,,0.040717928985983545,0.49989778208567237,0.0,0.2906668200288197
stress082,dual,population,,0.08658695850241452,0.49989778208567237,0.0,0.33653584954525073
stress083,dual,population,,0.07301306042331582,0.49989778208567237,0.0,0.32296195146615203
stress084,dual,population,,0.1175368425608135,0.49989778208567237,0.0,0.36748573360364967
stress085,dual,population,,0.4985317188146077,0.49989778208567237,0.0,0.7484806098574439
stress086,dual,population,,0.04490485152921479,0.49989778208567237,0.0,0.294853742572051
stress087,dual,population,,0.10725021439290829,0.49989778208567237,0.0,0.35719910543574446
stress088,dual,population,,0.1339609234459885,0.49989778208567237,0.0,0.38390981448882466
stress089,dual,population,,0.5390175657269767,0.49989778208567237,0.0,0.7889664567698129
stress090,dual,population,,0.17203437963424878,0.49989778208567237,0.0,0.42198327067708497
stress091,dual,population,,0.08046956941722502,0.49989778208567237,0.0,0.3304184604600612
stress092,dual,population,,0.07540583944224931,0.49989778208567237,0.0,0.3253547304850855
stress093,dual,population,,0.35933680846837046,0.49989778208567237,0.0,0.6092856995112066
stress094,dual,population,,0.4198072895592641,0.49989778208567237,0.0,0.6697561806021003
stress095,dual,population,,0.05470899846391639,0.49989778208567237,0.0,0.3046578895067526
stress096,dual,population,,0.12883650853170214,0.49989778208567237,0.0,0.37878539957453833
stress097,dual,population,,0.3371341219486155,0.49989778208567237,0.0,0.5870830129914517
stress098,dual,population,,0.15117383978487683,0.49989778208567237,0.0,0.401122730827713
stress099,dual,population,,0.2105132759651536,0.49989778208567237,0.0,0.4604621670079898
stress100,dual,population,,0.0485993250777941,0.49989778208567237,0.0,0.2985482161206303
stress101,dual,population,,0.12931090382467675,0.49989778208567237,0.0,0.37925979486751293
stress102,dual,population,,0.04190140880506428,0.49989778208567237,0.0,0.29185029984790045
stress103,dual,population,,0.0487992288271418,0.49989778208567237,0.0,0.29874811986997796
stress104,dual,population,,0.07958755535924164,0.49989778208567237,0.0,0.3295364464020778
stress105,dual,population,,0.08800679983674757,0.49989778208567237,0.0,0.33795569087958377
stress106,dual,population,,0.5317888557746052,0.49989778208567237,0.0,0.7817377468174413
stress107,dual,population,,0.2679502541547824,0.49989778208567237,0.0,0.5178991451976186
stress108,dual,population,,0.05288070306584324,0.49989778208567237,0.0,0.30282959410867943
stress109,dual,population,,0.3091262615081227,0.49989778208567237,0.0,0.559075152550959
stress110,dual,population,,0.14320256851539984,0.49989778208567237,0.0,0.39315145955823605
stress111,dual,population,,0.018206835303249395,0.49989778208567237,0.0,0.2681557263460856
stress112,dual,population,,0.12202056603729325,0.49989778208567237,0.0,0.3719694570801294
stress113,dual,population,,0.2545868639574705,0.49989778208567237,0.0,0.5045357550003067
stress114,dual,population,,0.026850209750784212,0.49989778208567237,0.0,0.2767991007936204
stress115,dual,population,,0.11720285566166776,0.49989778208567237,0.0,0.36715174670450396
stress116,dual,population,,0.26713812669841924,0.49989778208567237,0.0,0.5170870177412554
stress117,dual,population,,0.28292332838119705,0.49989778208567237,0.0,0.5328722194240332
stress118,dual,population,,0.1459388518947246,0.49989778208567237,0.0,0.3958877429375608
stress119,dual,population,,0.20682887498808855,0.49989778208567237,0.0,0.45677776603092474
stress120,dual,population,,0.33837253564309383,0.49989778208567237,0.0,0.58832142668593
stress121,dual,population,,0.07049431495259742,0.49989778208567237,0.0,0.32044320599543363
stress122,dual,population,,0.21719517997773802,0.49989778208567237,0.0,0.4671440710205742
stress123,dual,population,,0.42285348585708504,0.49989778208567237,0.0,0.6728023768999212
stress124,dual,population,,0.13290524278094906,0.49989778208567237,0.0,0.38285413382378525
stress125,dual,population,,0.12582210126587506,0.49989778208567237,0.0,0.37577099230871125
stress126,dual,population,,0.11060958374871813,0.49989778208567237,0.0,0.36055847479155434
stress127,dual,population,,0.1490279645319169,0.49989778208567237,0.0,0.3989768555747531
stress128,dual,population,,0.02919849490861818,0.49989778208567237,0.0,0.2791473859514544
stress129,dual,population,,0.03495978278353313,0.49989778208567237,0.0,0.2849086738263693
stress130,dual,population,,0.15472257368807413,0.49989778208567237,0.0,0.4046714647309103
stress131,dual,population,,0.6462770371548605,0.49989778208567237,0.0,0.8962259281976968
stress132,dual,population,,0.29736474720307454,0.49989778208567237,0.0,0.5473136382459107
stress133,dual,population,,0.546199057873198,0.49989778208567237,0.0,0.7961479489160341
stress134,dual,population,,0.03451936316664282,0.49989778208567237,0.0,0.284468254209479
stress135,dual,population,,0.386637081467829,0.49989778208567237,0.0,0.6365859725106652
stress136,dual,population,,0.14339134075009616,0.49989778208567237,0.0,0.3933402317929323
stress137,dual,population,,0.0970197447781943,0.49989778208567237,0.0,0.3469686358210305
stress138,dual,population,,0.36156628687855563,0.49989778208567237,0.0,0.6115151779213919
stress139,dual,population,,0.16295788752799237,0.49989778208567237,0.0,0.4129067785708286
stress140,dual,population,,0.057865949734137466,0.49989778208567237,0.0,0.30781484077697363
stress141,dual,population,,0.768690808031371,0.49989778208567237,0.0,1.0186396990742073
stress142,dual,population,,1.857696235750834,0.49989778208567237,0.0,2.10764512679367
stress143,dual,population,,0.4434792342438336,0.49989778208567237,0.0,0.6934281252866699
stress144,dual,population,,0.2979410853967496,0.49989778208567237,0.0,0.5478899764395858
stress145,dual,population,,0.9332752721782592,0.49989778208567237,0.0,1.1832241632210954
stress146,dual,population,,0.054219530694505705,0.49989778208567237,0.0,0.3041684217373419
stress147,dual,population,,0.16329380530915014,0.500002562320039,5.404271501331079e-05,0.41329778860492034
stress148,dual,population,,0.11749848286259201,0.49989778208567237,0.0,0.3674473739054282
stress149,dual,population,,0.7503207394298242,0.49989778208567237,0.0,1.0002696304726604
stress150,dual,population,,0.06481268895522893,0.49989778208567237,0.0,0.3147615799980651
stress151,dual,population,,0.2381071986553043,0.49989778208567237,0.0,0.4880560896981405
stress152,dual,population,,0.06465202277449995,0.49989778208567237,0.0,0.3146009138173361
stress153,dual,population,,0.07976655113740345,0.49989778208567237,0.0,0.3297154421802396
stress154,dual,population,,0.08626302867644588,0.49989778208567237,0.0,0.33621191971928205
stress155,dual,population,,0.382634586488986,0.49989778208567237,0.0,0.6325834775318222
stress156,dual,population,,1.1305195660429892,0.49989778208567237,0.0,1.3804684570858254
stress157,dual,population,,0.04690989919325421,0.49989778208567237,0.0,0.2968587902360904
stress158,dual,population,,0.30009228396465304,0.49989778208567237,0.0,0.5500411750074892
stress159,dual,population,,0.03545145723374817,0.49994637903966144,3.152491709109796e-05,0.28542622299943343
stress160,dual,population,,0.6516204104420346,0.49989778208567237,0.0,0.9015693014848707
stress161,dual,population,,0.035503845236870175,0.49989778208567237,0.0,0.28545273627970635
stress162,dual,population,,0.07381302181831072,0.49989778208567237,0.0,0.3237619128611469
stress163,dual,population,,0.1265656974575656,0.49989778208567237,0.0,0.37651458850040176
stress164,dual,population,,0.34824527237205327,0.49989778208567237,0.0,0.5981941634148895
stress165,dual,population,,0.3364335963081997,0.49989778208567237,0.0,0.5863824873510359
stress166,dual,population,,0.126841611429622,0.49989778208567237,0.0,0.37679050247245816
stress167,dual,population,,0.08208726747890226,0.49989778208567237,0.0,0.33203615852173846
stress168,dual,population,,0.029622630855382966,0.49989778208567237,0.0,0.27957152189821916
stress169,dual,population,,0.3452323887810275,0.49989778208567237,0.0,0.5951812798238637
stress170,dual,population,,0.16541835508107372,0.49989778208567237,0.0,0.4153672461239099
stress171,dual,population,,0.0687743785063473,0.49989778208567237,0.0,0.3187232695491835
stress172,dual,population,,0.11970949394571001,0.49989778208567237,0.0,0.3696583849885462
stress173,dual,population,,0.05160269509481299,0.49989778208567237,0.0,0.30155158613764915
stress174,dual,population,,0.14989407561584692,0.49989778208567237,0.0,0.39984296665868313
stress175,dual,population,,0.027206554389136318,0.49989778208567237,0.0,0.2771554454319725
stress176,dual,population,,33.83019392304029,0.49989778208567237,0.0,34.080142814083125
stress177,dual,population,,0.1569910554394486,0.49989778208567237,0.0,0.4069399464822848
stress178,dual,population,,0.17416990676833807,0.49989778208567237,0.0,0.42411879781117423
stress179,dual,population,,0.04565516197036598,0.49989778208567237,0.0,0.29560405301320214
stress180,dual,population,,0.3448139857069107,0.49989778208567237,0.0,0.5947628767497468
stress181,dual,population,,0.14391980073354127,0.49989778208567237,0.0,0.39386869177637746
stress182,dual,population,,0.10090352994979444,0.49989778208567237,0.0,0.35085242099263064
stress183,dual,population,,0.21791688426109873,0.49989778208567237,0.0,0.4678657753039349
stress184,dual,population,,2.3261296730973053,0.5022836746824884,0.00022517797922212826,2.577282769337511
stress185,dual,population,,0.04595412647411931,0.49989778208567237,0.0,0.29590301751695547
stress186,dual,population,,0.05535052758890542,0.49989778208567237,0.0,0.3052994186317416
stress187,dual,population,,0.11760153683787958,0.49989778208567237,0.0,0.3675504278807158
stress188,dual,population,,0.29202465995598653,0.49989778208567237,0.0,0.5419735509988227
stress189,dual,population,,0.06484463974335535,0.49989778208567237,0.0,0.31479353078619154
stress190,dual,population,,0.2543873007708769,0.49989778208567237,0.0,0.504336191813713
stress191,dual,population,,1.0290229002102533,0.5183138013431435,0.0005944698651464186,1.2882095243750824
stress192,dual,population,,0.04441897444254659,0.49989778208567237,0.0,0.2943678654853828
stress193,dual,population,,0.04344450457045194,0.49989778208567237,0.0,0.29339339561328814
stress194,dual,population,,0.07991455791489596,0.49989778208567237,0.0,0.3298634489577321
stress195,dual,population,,0.2684941627371471,0.49989778208567237,0.0,0.5184430537799833
stress196,dual,population,,0.0519715177952471,0.49989778208567237,0.0,0.3019204088380833
stress197,dual,population,,0.3447642298295297,0.49989778208567237,0.0,0.5947131208723659
stress198,dual,population,,0.2532380482588953,0.49989778208567237,0.0,0.5031869393017314
stress199,dual,population,,3.928971130527294,0.49989778208567237,0.0,4.17892002157013
stress000,dual,twin,,0.598583679913178,0.12489911877761867,0.0,0.6610332393019873
stress001,dual,twin,,0.5680458583288659,0.27267366845636526,0.0,0.7043826925570486
stress002,dual,twin,,0.34397768744763263,0.3217213005389529,0.0,0.5048383377171091
stress003,dual,twin,,0.038103750487958964,0.09115794096730195,0.0,0.08368272097160995
stress004,dual,twin,,1.3990682810029944,0.30793605765791326,0.0,1.553036309831951
stress005,dual,twin,,0.29144179794076924,0.09662334474843064,0.0,0.33975347031498454
stress006,dual,twin,,0.6732608410672307,0.10589233929394933,0.0,0.7262070107142053
stress007,dual,twin,,0.32894330006287115,0.21419888880735397,0.0,0.4360427444665481
stress008,dual,twin,,1.3590228599111085,0.10666374394432346,0.0,1.4123547318832703
stress009,dual,twin,,0.2682488366866387,0.28261164951265205,0.0,0.4095546614429647
stress010,dual,twin,,0.3627178532031704,0.25071260613530966,0.0,0.48807415627082523
stress011,dual,twin,,0.7876574286814757,0.1204763976577094,0.0,0.8478956275103304
stress012,dual,twin,,0.656965071191756,0.6288379262201489,0.0,0.9713840343018304
stress013,dual,twin,,0.32636070191950556,0.170667841744786,0.0,0.41169462279189856
stress014,dual,twin,,0.10696964340716723,0.12179115843571436,6.8181818181816734e-06,0.1678655635341153
stress015,dual,twin,,0.21114255595846318,0.15500901178063314,0.0003878832272063776,0.28866645601014007
stress016,dual,twin,,0.36612910430924456,0.28815098004075046,0.0019352272727272107,0.5103013556932562
stress017,dual,twin,,0.1581224812196642,0.053975086120214316,0.0,0.18511002427977136
stress018,dual,twin,,1.1300329136098137,0.31885303368989154,0.026790710382462436,1.2907989659738826
stress019,dual,twin,,0.7450984226495613,0.1406037114607293,0.0,0.8154002783799259
stress020,dual,twin,,0.3659423287108666,0.08353513017290075,0.0,0.407709893797317
stress021,dual,twin,,0.6261457443445156,0.2964463120826637,0.0,0.7743689003858475
stress022,dual,twin,,5.861452196897392,0.4665496286554091,0.0,6.094727011225096
stress023,dual,twin,,0.057203759572707756,0.12987030416330578,0.0,0.12213891165436064
stress024,dual,twin,,0.10123385445111993,0.0704357998763694,0.0,0.13645175438930462
stress025,dual,twin,,0.25238178550068663,0.07738008972223316,0.0,0.29107183036180323
stress026,dual,twin,,0.44289865370667447,0.22804258965238788,0.0,0.5569199485328684
stress027,dual,twin,,0.18596478805184133,0.12200143416629392,7.911339305075392e-05,0.2469694608046408
stress028,dual,twin,,0.16458276958427315,0.03527703814209502,0.0,0.18222128865532067
stress029,dual,twin,,0.58110491320675,0.2619346412817093,0.0,0.7120722338476047
stress030,dual,twin,,0.22037837573554167,0.1580383306725124,0.0,0.2993975410717979
stress031,dual,twin,,0.9019524180719378,0.2713103333952749,0.0,1.0376075847695754
stress032,dual,twin,,0.10616486463289652,0.09257149999933072,0.0,0.15245061463256188
stress033,dual,twin,,0.161910617759971,0.13452250266835,0.0,0.229171869094146
stress034,dual,twin,,0.11610631140901395,0.46162344594792565,0.0,0.34691803438297675
stress035,dual,twin,,0.36951421806657553,0.2850189181320213,0.0,0.5120236771325861
stress036,dual,twin,,0.9209536141141581,0.13738941343970737,0.0,0.9896483208340118
stress037,dual,twin,,0.11047893550905097,0.5114398805762815,0.0,0.36619887579719174
stress038,dual,twin,,0.2810820173277192,0.42908700922426396,0.0,0.4956255219398512
stress039,dual,twin,,0.05859948662297316,0.15861836334154883,0.0,0.13790866829374757
stress040,dual,twin,,0.7346961559981354,0.3371107517973585,0.005321141975447072,0.903517588995587
stress041,dual,twin,,0.04105986752856535,0.19520140560170432,0.0,0.1386605703294175
stress042,dual,twin,,0.35279613978912466,0.30953145958806005,0.0,0.5075618695831547
stress043,dual,twin,,0.4544816602453956,0.6177003516185241,0.0,0.7633318360546577
stress044,dual,twin,,0.40709177953748205,1.0,0.0,0.907091779537482
stress045,dual,twin,,2.0589771909239314,0.206677948068423,0.0,2.162316164958143
stress046,dual,twin,,0.09659487623859306,0.05613699069365998,0.0,0.12466337158542305
stress047,dual,twin,,0.6134108439053836,0.1775903780450702,0.0,0.7022060329279187
stress048,dual,twin,,0.12470354533595883,0.10127379037931272,0.0,0.1753404405256152
stress049,dual,twin,,0.27114930018641853,0.1064146325770947,0.0,0.3243566164749659
stress050,dual,twin,,0.09002635944232351,0.08532149994545529,0.0,0.13268710941505116
stress051,dual,twin,,0.5842244834289578,0.20776967572460495,4.772727272727171e-05,0.6881117076548967
stress052,dual,twin,,0.1722638601365747,0.08166630838184355,0.0,0.21309701432749645
stress053,dual,twin,,0.3816765061020265,0.09214293306227607,2.395110894301909e-06,0.42774809238870926
stress054,dual,twin,,0.3524757673418716,0.2975314805016635,0.0,0.5012415075927034
stress055,dual,twin,,0.2483237811261634,0.3079617867431803,0.0,0.40230467449775353
stress056,dual,twin,,0.1904400860058747,0.3282495049025028,0.0,0.3545648384571261
stress057,dual,twin,,0.37577240854804844,0.28764759923826494,0.0,0.5195962081671809
stress058,dual,twin,,1.2314558405947404,0.2810700055904546,5.472984435801626e-05,1.3719935798821856
stress059,dual,twin,,0.21874256616595678,0.27287007213445635,0.0,0.35517760223318495
stress060,dual,twin,,0.089572799580048,0.1545027340062368,0.0,0.1668241665831664
stress061,dual,twin,,1.538083131373935,0.1817962924069652,0.0,1.6289812775774175
stress062,dual,twin,,0.1288600404493363,0.05895324629242944,0.0027544674547443524,0.15847438696828822
stress063,dual,twin,,0.7018007147847556,0.07850321776547933,0.0,0.7410523236674953
stress064,dual,twin,,0.7356835728329316,0.08058160066405677,0.0,0.77597437316496
stress065,dual,twin,,0.18813417868995258,0.12509858307341337,0.0,0.25068347022665927
stress066,dual,twin,,0.38438332391726077,0.10339055810582953,0.0,0.43607860297017553
stress067,dual,twin,,0.2434773617454581,0.1548560439981942,0.0,0.3209053837445552
stress068,dual,twin,,0.14609175480599274,0.021718711282611988,0.0,0.15695111044729873
stress069,dual,twin,,0.21972623672448433,0.07909151258384667,0.0,0.2592719930164077
stress070,dual,twin,,0.6096055867754853,0.08316197719658193,0.0,0.6511865753737762
stress071,dual,twin,,0.11114865795590811,0.15734539416688909,0.0,0.18982135503935266
stress072,dual,twin,,1.3448881484561954,0.3693864942323799,0.07482731997117097,1.533322761570944
stress073,dual,twin,,0.4104457230211299,0.1926693077483959,0.0,0.5067803768953278
stress074,dual,twin,,0.302793608734874,0.14599178625878675,3.314870058665214e-05,0.3757911592992967
stress075,dual,twin,,0.3041717261217316,0.02777906871435569,0.0,0.3180612604789094
stress076,dual,twin,,0.3048180753315818,0.32838110232597423,0.0,0.46900862649456887
stress077,dual,twin,,0.2360711100613801,0.06420189218094864,0.0,0.2681720561518544
stress078,dual,twin,,0.13618321591547014,0.1905917446826339,0.0,0.2314790882567871
stress079,dual,twin,,0.10863086134915033,0.24441473811865427,0.0,0.23083823040847745
stress080,dual,twin,,0.12166020624233179,0.05707810857869609,0.0,0.15019926053167984
stress081,dual,twin,,0.139111466525741,0.08739629520718477,0.0006301999802271199,0.18284112412834475
stress082,dual,twin,,0.2162198464043957,0.09760505403978234,0.0,0.26502237342428686
stress083,dual,twin,,0.16251298647435042,0.16670650517735244,0.0,0.24586623906302663
stress084,dual,twin,,0.2950587462240833,0.11333162470482067,0.0,0.35172455857649365
stress085,dual,twin,,0.7073544310509836,0.2395581467524554,0.0,0.8271335044272113
stress086,dual,twin,,0.1176011320074619,0.07813927274437252,0.0,0.15667076837964816
stress087,dual,twin,,0.2716315377627587,0.13705839050547838,0.0,0.34016073301549793
stress088,dual,twin,,0.14935867719071377,0.03160888812247308,8.978772174199825e-06,0.16516357019055902
stress089,dual,twin,,0.6418533237363161,0.2314948641740454,0.0,0.7576007558233389
stress090,dual,twin,,0.4229803878260349,0.07452762400838989,0.0,0.46024419983022985
stress091,dual,twin,,2.5163534492938258,0.8074201281098204,0.06015320478500934,2.9230711735879864
stress092,dual,twin,,0.1888709376846013,0.09589724974001411,0.0,0.23681956255460837
stress093,dual,twin,,0.5405245732739132,0.1796829350250767,0.0,0.6303660407864515
stress094,dual,twin,,0.5805888999867627,0.30864773817389585,0.0,0.7349127690737106
stress095,dual,twin,,0.09577304913620042,0.20515767178083302,0.0,0.19835188502661694
stress096,dual,twin,,0.3682316614005661,0.12835712942458374,0.0,0.432410226112858
stress097,dual,twin,,0.4075653724744398,0.2593826694616533,0.0,0.5372567072052664
stress098,dual,twin,,0.2129726368464268,0.17348370022787166,0.0,0.2997144869603626
stress099,dual,twin,,0.43017827094307026,0.06585560970514155,0.0,0.46310607579564106
stress100,dual,twin,,0.12921382108344215,0.14529372506713187,0.0,0.2018606836170081
stress101,dual,twin,,0.3106938599742218,0.13448115378464076,0.04355977794809174,0.38011242576394677
stress102,dual,twin,,0.10064173231045065,0.15829385317174782,9.81117310513303e-05,0.17979356448287712
stress103,dual,twin,,0.08422711664172988,0.15859429608397646,0.0,0.1635242646837181
stress104,dual,twin,,0.17976456066644,0.16871397001731442,0.0,0.2641215456750972
stress105,dual,twin,,0.13993044240290703,0.14614642455223661,0.0,0.21300365467902532
stress106,dual,twin,,0.7230994400779381,0.28137718991370697,7.283299806942937e-05,0.8637916766846951
stress107,dual,twin,,0.786225952411718,0.09516225329930883,0.00025752625310733815,0.8338199553740278
stress108,dual,twin,,0.0915728807932017,0.6251624823308465,0.0014545454545454527,0.4042268492313522
stress109,dual,twin,,0.5248120821440453,0.12270254245977527,0.0,0.5861633533739329
stress110,dual,twin,,0.2306496494123464,0.20515767178083302,0.0,0.3332284853027629
stress111,dual,twin,,0.35245312703513954,0.08620466400690922,0.0137090103092607,0.39624090955405716
stress112,dual,twin,,0.20687633531512506,0.20825613846951596,0.0,0.31100440454988304
stress113,dual,twin,,0.2902643457603827,0.4214123941432858,0.0,0.5009705428320256
stress114,dual,twin,,0.05563480712816659,0.1938096643349637,0.0,0.15253963929564843
stress115,dual,twin,,0.2164012044865161,0.28917180941905335,0.0,0.36098710919604277
stress116,dual,twin,,0.3578392916612969,0.2760046193977584,0.0,0.4958416013601761
stress117,dual,twin,,0.5127782861771818,0.16795208011534243,0.0,0.596754326234853
stress118,dual,twin,,0.18250262734826217,0.2831484621110335,0.0,0.3240768584037789
stress119,dual,twin,,0.30276186130997385,0.21668457290779394,0.0,0.41110414776387083
stress120,dual,twin,,0.7696456392293829,0.2519204183391874,0.0,0.8956058483989766
stress121,dual,twin,,0.2294258027317933,0.06306909939542633,0.0,0.2609603524295065
stress122,dual,twin,,0.44516548921449195,0.21158045054402774,0.0,0.5509557144865058
stress123,dual,twin,,0.48304270737925764,0.19417855944837048,0.0003575701855378455,0.5801498656127199
stress124,dual,twin,,0.43865901887792996,0.12256160433567677,0.0,0.49993982104576834
stress125,dual,twin,,0.14222731639929748,0.43336474433213285,0.0,0.35890968856536387
stress126,dual,twin,,0.19600568894650638,0.15177783251027605,0.0,0.27189460520164443
stress127,dual,twin,,0.30147342874004335,0.16429372976432993,4.982748188009812e-05,0.3836227849963023
stress128,dual,twin,,0.067187883617815,0.12316916798724006,0.0,0.12877246761143502
stress129,dual,twin,,0.1259362993828968,0.09719695310433515,0.0,0.1745347759350644
stress130,dual,twin,,0.35504397642825164,0.11009947094733966,0.0,0.41009371190192145
stress131,dual,twin,,0.4554403256275218,0.9678209959040491,0.0,0.9393508235795464
stress132,dual,twin,,0.3506187300382591,0.36917651557477726,0.0,0.5352069878256478
stress133,dual,twin,,0.8358453395442775,0.34513866941444676,0.0,1.008414674251501
stress134,dual,twin,,0.07715778845241317,0.1101398927042473,2.996942214979733e-05,0.13222923327564431
stress135,dual,twin,,0.4705402209080784,0.26353622232730123,0.0,0.6023083320717291
stress136,dual,twin,,0.3247317048731498,0.10351115115198029,0.0,0.3764872804491399
stress137,dual,twin,,0.16044324226397064,0.17821262087953438,0.0,0.24954955270373783
stress138,dual,twin,,1.8533358932996356,0.1938096643349637,0.0,1.9502407254671175
stress139,dual,twin,,0.19621164739737337,0.4338487086404769,0.0,0.41313600171761183
stress140,dual,twin,,0.05321132391516038,0.17213669257985587,0.0,0.1392796702050883
stress141,dual,twin,,1.0166022351531467,0.32469038789160043,0.0,1.178947429098947
stress142,dual,twin,,1.4944630951456168,0.7132020165684245,0.0,1.8510641034298292
stress143,dual,twin,,0.4282802251659031,0.5272800695800943,0.0,0.6919202599559502
stress144,dual,twin,,0.4090879830976717,0.18791035859849042,0.0,0.5030431623969169
stress145,dual,twin,,1.0770064369382522,0.35560635983573485,0.0,1.2548096168561196
stress146,dual,twin,,0.10310902628411814,0.13172920957461506,0.0,0.16897363107142566
stress147,dual,twin,,0.2957501755068643,0.11854117132414511,0.0,0.3550207611689368
stress148,dual,twin,,0.23294484628786957,0.1265199050983451,0.001086858224251074,0.29625914174825463
stress149,dual,twin,,0.8474024802266445,0.40955268028619307,0.0,1.052178820369741
stress150,dual,twin,,0.254683790118175,0.06536585839497623,0.0,0.2873667193156631
stress151,dual,twin,,0.5283170065940338,0.1546032681387438,0.0,0.6056186406634056
stress152,dual,twin,,0.12382746339872594,0.1462751941755864,0.0,0.19696506048651913
stress153,dual,twin,,0.13133573616688876,0.17129378818272126,0.0,0.21698263025824938
stress154,dual,twin,,0.24162151726245307,0.14013153231409586,0.0,0.311687283419501
stress155,dual,twin,,0.4226712351707905,0.3997777592533278,0.0,0.6225601147974544
stress156,dual,twin,,0.3858315415769133,0.8055371476173088,0.0,0.7886001153855677
stress157,dual,twin,,0.09838471720594724,0.11104118448921202,0.0,0.15390530945055325
stress158,dual,twin,,0.46993228550654376,0.09420762038091636,0.0,0.5170360956970019
stress159,dual,twin,,0.08456763772363426,0.09399448263336842,0.0,0.13156487904031847
stress160,dual,twin,,0.31324842622880483,1.0,0.0,0.8132484262288049
stress161,dual,twin,,0.06353929203791173,0.17968420477258104,1.605259964855741e-05,0.15338219705418465
stress162,dual,twin,,0.13036174513997403,0.08798702517549609,0.0,0.1743552577277221
stress163,dual,twin,,0.22312224483059367,0.16570066756170146,0.0,0.3059725786114444
stress164,dual,twin,,0.8204433408840022,0.08645049470725566,2.7012166142463822e-05,0.8636699388459371
stress165,dual,twin,,0.6096225270775597,0.10182547133678974,8.086588222000257e-05,0.6605393060400655
stress166,dual,twin,,0.3409903343507117,0.07535746134785103,0.00036918265628631036,0.37868752415745155
stress167,dual,twin,,0.25779964837421643,0.08163569406590546,0.001852071088772954,0.2987100989616078
stress168,dual,twin,,0.05615427912607789,0.060077061584781016,2.806726413332158e-06,0.08619295025478906
stress169,dual,twin,,0.5095270026784687,0.19312056858095292,0.0,0.6060872869689452
stress170,dual,twin,,0.446485252007745,0.19717638301421903,0.0,0.5450734435148545
stress171,dual,twin,,0.18200706692166013,0.11288798873154046,0.0,0.23845106128743038
stress172,dual,twin,,0.23936351681281026,0.08415202396831675,0.0,0.28143952879696865
stress173,dual,twin,,0.1372189323440843,0.12121828651964468,0.0,0.19782807560390664
stress174,dual,twin,,0.27441959675486516,0.20070180957416184,0.0,0.3747705015419461
stress175,dual,twin,,0.17048869080302162,0.10939076034367645,0.0026398916001258966,0.22531606555486614
stress176,dual,twin,,35.3035855771854,0.49163809038084577,6.110717087218675e-06,35.54940492791168
stress177,dual,twin,,0.6118385530749745,0.040306977072614075,0.0,0.6319920416112815
stress178,dual,twin,,0.30344215694570487,0.18150548864340116,0.0,0.3941949012674054
stress179,dual,twin,,0.06712282401606531,0.2553913859682937,0.0,0.19481851700021216
stress180,dual,twin,,0.79985960980106,0.08569502648290701,0.0,0.8427071230425135
stress181,dual,twin,,0.3841426642901487,0.1004981258257664,0.0,0.4343917272030319
stress182,dual,twin,,0.4129966342182997,0.04970966288703442,0.0,0.4378514656618169
stress183,dual,twin,,0.4919970366415973,0.1659630100969585,0.0,0.5749785416900766
stress184,dual,twin,,1.341785286843469,0.9636968525126807,0.0,1.8236337130998093
stress185,dual,twin,,0.11207344678253464,0.07038245384472978,0.0,0.14726467370489954
stress186,dual,twin,,0.10032848665522459,0.16707911413695012,0.0,0.18386804372369964
stress187,dual,twin,,0.1902690495990717,0.27044664191082124,0.0,0.3254923705544823
stress188,dual,twin,,0.477779340146782,0.20315346700313477,0.0,0.5793560736483494
stress189,dual,twin,,0.1933448682577425,0.10732476248721179,0.0,0.2470072495013484
stress190,dual,twin,,0.39493954773664,0.21334025405761028,0.0,0.5016096747654452
stress191,dual,twin,,0.6085607248250198,0.930910286605,0.0,1.0740158681275198
stress192,dual,twin,,0.1636708929094736,0.07397220361990024,0.0015450073355048443,0.20073424508619897
stress193,dual,twin,,0.08440093298947487,0.12187564458598038,7.775108994879472e-05,0.1453426428369625
stress194,dual,twin,,0.24390140990430378,0.08288027163219008,0.0,0.2853415457203988
stress195,dual,twin,,0.4057838942509444,0.2471952786652247,0.0,0.5293815335835568
stress196,dual,twin,,0.05455107544230196,0.09889521821505082,0.00040219038540946885,0.10401879406909785
stress197,dual,twin,,0.18847275858510087,0.8171847971966799,0.0,0.5970651571834409
stress198,dual,twin,,0.5841421114723598,0.0586611148506432,0.0,0.6134726688976815
stress199,dual,twin,,4.620431486103878,0.19129398745884507,0.00024087608890503985,4.716090523637746
