pid,family,method,budget,B,U,V,J
synth000,continuous,population,,1.0671075478318506,0.4766201138303032,0.0,1.305417604747002
synth001,continuous,population,,0.06349224615915479,0.4766201138303032,0.0,0.3018023030743064
synth002,continuous,population,,0.30780005907076147,0.4766201138303032,0.0,0.5461101159859131
synth003,continuous,population,,0.14568912790575653,0.4766201138303032,0.0,0.3839991848209081
synth004,continuous,population,,0.05318440583462974,0.4766201138303032,0.0,0.29149446274978136
synth005,continuous,population,,0.10027395792393376,0.4766201138303032,0.0,0.3385840148390854
synth006,continuous,population,,0.1113527328565039,0.4766201138303032,0.0,0.34966278977165555
synth007,continuous,population,,0.04750684412799385,0.4766201138303032,0.0,0.28581690104314544
synth008,continuous,population,,0.2049310171054752,0.4766201138303032,0.0,0.44324107402062685
synth009,continuous,population,,0.11511708617757321,0.4766201138303032,0.0,0.3534271430927248
synth010,continuous,population,,0.2524256435560417,0.4766201138303032,0.0,0.4907357004711933
synth011,continuous,population,,0.18214325635532005,0.4766201138303032,0.0,0.42045331327047164
synth012,continuous,population,,0.47495492837724523,0.4766201138303032,0.0,0.7132649852923969
synth013,continuous,population,,0.07288068932584853,0.4766201138303032,0.0,0.3111907462410001
synth014,continuous,population,,0.13253310662331122,0.4766201138303032,0.0,0.3708431635384628
synth015,continuous,population,,0.08493243693099153,0.4766201138303032,0.0,0.3232424938461431
synth016,continuous,population,,0.08573506579940629,0.4766201138303032,0.0,0.3240451227145579
synth017,continuous,population,,0.8286343788703718,0.4766201138303032,0.0,1.0669444357855236
synth018,continuous,population,,0.0849717017567758,0.4766201138303032,0.0,0.32328175867192743
synth019,continuous,population,,0.06438119777789364,0.4766201138303032,0.0,0.30269125469304525
synth020,continuous,population,,6.515640245668492,0.4766201138303032,0.0,6.753950302583644
synth021,continuous,population,,0.09715994003317077,0.4766201138303032,0.0,0.33546999694832236
synth022,continuous,population,,0.051741045775507956,0.4766201138303032,0.0,0.2900511026906596
synth023,continuous,population,,0.07562418150952882,0.4766201138303032,0.0,0.31393423842468043
synth024,continuous,population,,0.21288548455195075,0.4766201138303032,0.0,0.4511955414671024
synth025,continuous,population,,0.0865826473911684,0.4766201138303032,0.0,0.32489270430632
synth026,continuous,population,,0.07918905696998928,0.4766201138303032,0.0,0.3174991138851409
synth027,continuous,population,,1.1816753922783552,0.4766201138303032,0.0,1.4199854491935069
synth028,continuous,population,,3.479456329306933,0.4766201138303032,0.0,3.7177663862220847
synth029,continuous,population,,0.15092547163738892,0.4766201138303032,0.0,0.3892355285525405
synth030,continuous,population,,0.09411513183470918,0.4766201138303032,0.0,0.3324251887498608
synth031,continuous,population,,0.09511122862350734,0.4766201138303032,0.0,0.33342128553865896
synth032,continuous,population,,0.23411450917883533,0.4766201138303032,0.0,0.472424566093987
synth033,continuous,population,,0.40939868529814255,0.4766201138303032,0.0,0.6477087422132941
synth034,continuous,population,,0.08537653431913489,0.4766201138303032,0.0,0.3236865912342865
synth035,continuous,population,,0.06438550284890245,0.4766201138303032,0.0,0.30269555976405405
synth036,continuous,population,,0.1918840223897883,0.4766201138303032,0.0,0.4301940793049399
synth037,continuous,population,,0.14111870514356317,0.4766201138303032,0.0,0.3794287620587148
synth038,continuous,population,,0.20901002656076278,0.4766201138303032,0.0,0.4473200834759144
synth039,continuous,population,,0.16138767192056608,0.4766201138303032,0.0,0.3996977288357177
synth040,continuous,population,,0.16408044381766418,0.4766201138303032,0.0,0.4023905007328158
synth041,continuous,population,,2.0709346568562417,0.4766201138303032,0.0,2.309244713771393
synth042,continuous,population,,0.2734352956775041,0.4766201138303032,0.0,0.5117453525926556
synth043,continuous,population,,0.7606917537856979,0.4766201138303032,0.0,0.9990018107008495
synth044,continuous,population,,0.07911448388541069,0.4766201138303032,0.0,0.3174245408005623
synth045,continuous,population,,0.08853930929894782,0.4766201138303032,0.0,0.32684936621409943
synth046,continuous,population,,0.24064409738166592,0.4766201138303032,0.0,0.47895415429681754
synth047,continuous,population,,0.03193439675987566,0.4766201138303032,0.0,0.27024445367502725
synth048,continuous,population,,0.13822307853259513,0.4766201138303032,0.0,0.37653313544774675
synth049,continuous,population,,0.1431001608121777,0.4766201138303032,0.0,0.3814102177273293
synth050,continuous,population,,2.2632571851354997,0.4766201138303032,0.0,2.501567242050651
synth051,continuous,population,,0.14893171455201898,0.4766201138303032,0.0,0.3872417714671706
synth052,continuous,population,,0.07826642994371495,0.4766201138303032,0.0,0.3165764868588666
synth053,continuous,population,,0.09006851173086351,0.4766201138303032,0.0,0.3283785686460151
synth054,continuous,population,,0.03151867183578933,0.4766201138303032,0.0,0.26982872875094094
synth055,continuous,population,,0.07333537738071635,0.4766201138303032,0.0,0.311645434295868
synth056,continuous,population,,0.0452580167969262,0.4766201138303032,0.0,0.2835680737120778
synth057,continuous,population,,0.2598095234875768,0.4766201138303032,0.0,0.4981195804027284
synth058,continuous,population,,0.05667532756887117,0.4766201138303032,0.0,0.2949853844840228
synth059,continuous,population,,0.06868146006623808,0.4766201138303032,0.0,0.3069915169813897
synth060,continuous,population,,0.06039277795236829,0.4766201138303032,0.0,0.2987028348675199
synth061,continuous,population,,0.19990334873102755,0.4766201138303032,0.0,0.43821340564617917
synth062,continuous,population,,0.04975038515845079,0.4766201138303032,0.0,0.2880604420736024
synth063,continuous,population,,0.1171400345037627,0.4766201138303032,0.0,0.3554500914189143
synth064,continuous,population,,0.08104853785106911,0.4766201138303032,0.0,0.31935859476622075
synth065,continuous,population,,0.08766818803206682,0.4766201138303032,0.0,0.32597824494721844
synth066,continuous,population,,0.0693566351695918,0.4766201138303032,0.0,0.3076666920847434
synth067,continuous,population,,0.1338772804466802,0.4766201138303032,0.0,0.37218733736183185
synth068,continuous,population,,0.06793931507845662,0.4766201138303032,0.0,0.30624937199360824
synth069,continuous,population,,0.39127302399410235,0.4766201138303032,0.0,0.629583080909254
synth070,continuous,population,,0.6944532088317235,0.4766201138303032,0.0,0.9327632657468751
synth071,continuous,population,,0.12880575650303208,0.4766201138303032,0.0,0.36711581341818367
synth072,continuous,population,,0.13057992777721653,0.4766201138303032,0.0,0.3688899846923681
synth073,continuous,population,,0.13840582395550421,0.4766201138303032,0.0,0.37671588087065583
synth074,continuous,population,,0.05645672523445181,0.4766201138303032,0.0,0.29476678214960345
synth075,continuous,population,,0.06507586509973073,0.4766201138303032,0.0,0.30338592201488235
synth076,continuous,population,,0.14477425872988278,0.4766201138303032,0.0,0.3830843156450344
synth077,continuous,population,,1.4560133482315623,0.4766201138303032,0.0,1.6943234051467138
synth078,continuous,population,,0.19128672739804647,0.4766201138303032,0.0,0.4295967843131981
synth079,continuous,population,,0.10668220798496668,0.4766201138303032,0.0,0.3449922649001183
synth080,continuous,population,,0.03803312607223483,0.4766201138303032,0.0,0.27634318298738647
synth081,continuous,population,,0.11535602332074789,0.4766201138303032,0.0,0.3536660802358995
synth082,continuous,population,,0.34222665844782474,0.4766201138303032,0.0,0.5805367153629764
synth083,continuous,population,,0.11950731783320905,0.4766201138303032,0.0,0.3578173747483607
synth084,continuous,population,,0.1370950691029527,0.4766201138303032,0.0,0.3754051260181043
synth085,continuous,population,,0.1860149725625572,0.4766201138303032,0.0,0.4243250294777088
synth086,continuous,population,,0.0689764502339999,0.4766201138303032,0.0,0.3072865071491515
synth087,continuous,population,,0.13134060433083922,0.4766201138303032,0.0,0.36965066124599083
synth088,continuous,population,,0.1678818331396797,0.4766201138303032,0.0,0.4061918900548313
synth089,continuous,population,,0.5252963264447793,0.4766201138303032,0.0,0.7636063833599309
synth090,continuous,population,,0.10626029983279618,0.4766201138303032,0.0,0.3445703567479478
synth091,continuous,population,,0.045944785859703664,0.4766201138303032,0.0,0.2842548427748553
synth092,continuous,population,,0.19064548074525267,0.4766201138303032,0.0,0.4289555376604043
synth093,continuous,population,,0.0803025461868831,0.4766201138303032,0.0,0.3186126031020347
synth094,continuous,population,,0.19994668201123741,0.4766201138303032,0.0,0.43825673892638906
synth095,continuous,population,,0.27188762656938226,0.4766201138303032,0.0,0.5101976834845339
synth096,continuous,population,,0.06494977886248891,0.4766201138303032,0.0,0.30325983577764054
synth097,continuous,population,,0.12561469876193157,0.4766201138303032,0.0,0.36392475567708316
synth098,continuous,population,,0.2071452277728508,0.4766201138303032,0.0,0.44545528468800244
synth099,continuous,population,,0.16452826575735302,0.4766201138303032,0.0,0.40283832267250463
synth100,continuous,population,,0.07760325629050728,0.4766201138303032,0.0,0.3159133132056589
synth101,continuous,population,,0.22473588824076599,0.4766201138303032,0.0,0.46304594515591757
synth102,continuous,population,,0.23407344030300534,0.4766201138303032,0.0,0.472383497218157
synth103,continuous,population,,0.19795569764358215,0.4766201138303032,0.0,0.43626575455873373
synth104,continuous,population,,0.12844576827825638,0.4766201138303032,0.0,0.366755825193408
synth105,continuous,population,,0.1032180752784765,0.4766201138303032,0.0,0.3415281321936281
synth106,continuous,population,,0.10100685520509395,0.4766201138303032,0.0,0.33931691212024556
synth107,continuous,population,,0.11810671623038378,0.4766201138303032,0.0,0.3564167731455354
synth108,continuous,population,,0.48530926035915944,0.4766201138303032,0.0,0.7236193172743111
synth109,continuous,population,,0.08281337701704018,0.4766201138303032,0.0,0.3211234339321918
synth110,continuous,population,,0.0645340686267892,0.4766201138303032,0.0,0.30284412554194085
synth111,continuous,population,,0.26148564094765137,0.4766201138303032,0.0,0.499795697862803
synth112,continuous,population,,3.29118819905356,0.4766201138303032,0.0,3.5294982559687114
synth113,continuous,population,,0.24290655378366677,0.4766201138303032,0.0,0.4812166106988184
synth114,continuous,population,,0.3543638264698288,0.4766201138303032,0.0,0.5926738833849804
synth115,continuous,population,,0.106326068994955,0.4766201138303032,0.0,0.3446361259101066
synth116,continuous,population,,0.40481889018003897,0.4766201138303032,0.0,0.6431289470951906
synth117,continuous,population,,0.09027187694849967,0.4766201138303032,0.0,0.3285819338636513
synth118,continuous,population,,0.05618567841226936,0.4766201138303032,0.0,0.29449573532742096
synth119,continuous,population,,1.3933454933006968,0.4766201138303032,0.0,1.6316555502158483
synth120,continuous,population,,0.24312146945490204,0.4766201138303032,0.0,0.48143152637005365
synth121,continuous,population,,0.10630944485744499,0.4766201138303032,0.0,0.3446195017725966
synth122,continuous,population,,0.2739961539049569,0.4766201138303032,0.0,0.5123062108201085
synth123,continuous,population,,10.869538939416072,0.4766201138303032,0.0,11.107848996331224
synth124,continuous,population,,0.35892523723322645,0.4766201138303032,0.0,0.5972352941483781
synth125,continuous,population,,0.18467945269385888,0.4766201138303032,0.0,0.4229895096090105
synth126,continuous,population,,5.09256514452995,0.4766201138303032,0.0,5.330875201445102
synth127,continuous,population,,0.10335145833031524,0.4766201138303032,0.0,0.34166151524546684
synth128,continuous,population,,0.2212480462473252,0.4766201138303032,0.0,0.4595581031624768
synth129,continuous,population,,0.15884078266365984,0.4766201138303032,0.0,0.3971508395788115
synth130,continuous,population,,0.2692835858642481,0.4766201138303032,0.0,0.5075936427793997
synth131,continuous,population,,0.10354287235169922,0.4766201138303032,0.0,0.34185292926685085
synth132,continuous,population,,2.618118305011485,0.4766201138303032,0.0,2.8564283619266364
synth133,continuous,population,,0.03558666009093227,0.4766201138303032,0.0,0.27389671700608387
synth134,continuous,population,,0.07198313047463722,0.4766201138303032,0.0,0.31029318738978884
synth135,continuous,population,,0.10962806243665639,0.4766201138303032,0.0,0.347938119351808
synth136,continuous,population,,0.6786576083613156,0.4766201138303032,0.0,0.9169676652764672
synth137,continuous,population,,0.4522527550182369,0.4766201138303032,0.0,0.6905628119333885
synth138,continuous,population,,0.3895760071618401,0.4766201138303032,0.0,0.6278860640769917
synth139,continuous,population,,0.05216065984907324,0.4766201138303032,0.0,0.29047071676422487
synth140,continuous,population,,0.3865632656490379,0.4766201138303032,0.0,0.6248733225641896
synth141,continuous,population,,0.5711844221379099,0.4766201138303032,0.0,0.8094944790530615
synth142,continuous,population,,0.10721620196768314,0.4766201138303032,0.0,0.3455262588828347
synth143,continuous,population,,0.186950099256531,0.4766201138303032,0.0,0.4252601561716826
synth144,continuous,population,,0.10964482119004249,0.4766201138303032,0.0,0.3479548781051941
synth145,continuous,population,,0.46566048788978864,0.4766201138303032,0.0,0.7039705448049403
synth146,continuous,population,,0.15906895770457016,0.4766201138303032,0.0,0.3973790146197218
synth147,continuous,population,,0.04036024849006091,0.4766201138303032,0.0,0.27867030540521254
synth148,continuous,population,,0.06310070259271205,0.4766201138303032,0.0,0.30141075950786367
synth149,continuous,population,,0.489543303322211,0.4766201138303032,0.0,0.7278533602373627
synth150,continuous,population,,0.09627355489900973,0.4766201138303032,0.0,0.33458361181416135
synth151,continuous,population,,0.11290739917370785,0.4766201138303032,0.0,0.35121745608885946
synth152,continuous,population,,0.13794559851542673,0.4766201138303032,0.0,0.3762556554305784
synth153,continuous,population,,0.07596218687826782,0.4766201138303032,0.0,0.31427224379341945
synth154,continuous,population,,0.11742258341494997,0.4766201138303032,0.0,0.3557326403301016
synth155,continuous,population,,0.08099909152598128,0.4766201138303032,0.0,0.3193091484411329
synth156,continuous,population,,0.054792436592678476,0.4766201138303032,0.0,0.2931024935078301
synth157,continuous,population,,0.21113888495762098,0.4766201138303032,0.0,0.4494489418727726
synth158,continuous,population,,0.07084067753696544,0.4766201138303032,0.0,0.30915073445211705
synth159,continuous,population,,0.11395569619936662,0.4766201138303032,0.0,0.35226575311451824
synth160,continuous,population,,0.09755593038511302,0.4766201138303032,0.0,0.3358659873002646
synth161,continuous,population,,2.627446795314889,0.4766201138303032,0.0,2.8657568522300405
synth162,continuous,population,,0.052233065018435255,0.4766201138303032,0.0,0.2905431219335869
synth163,continuous,population,,0.13194257944048296,0.4766201138303032,0.0,0.37025263635563455
synth164,continuous,population,,0.14332413148438827,0.4766201138303032,0.0,0.3816341883995399
synth165,continuous,population,,1.1752802149075334,0.4766201138303032,0.0,1.413590271822685
synth166,continuous,population,,0.13937299416663568,0.4766201138303032,0.0,0.3776830510817873
synth167,continuous,population,,0.8999174527418001,0.4766201138303032,0.0,1.1382275096569519
synth168,continuous,population,,0.1447762803644396,0.4766201138303032,0.0,0.3830863372795912
synth169,continuous,population,,0.11572846846382803,0.4766201138303032,0.0,0.3540385253789796
synth170,continuous,population,,0.21762589673872365,0.4766201138303032,0.0,0.4559359536538753
synth171,continuous,population,,0.1569362500645962,0.4766201138303032,0.0,0.39524630697974783
synth172,continuous,population,,0.058153344647378626,0.4766201138303032,0.0,0.29646340156253026
synth173,continuous,population,,0.13546919516119552,0.4766201138303032,0.0,0.3737792520763471
synth174,continuous,population,,0.11024244388782027,0.4766201138303032,0.0,0.3485525008029719
synth175,continuous,population,,0.06056909317278381,0.4766201138303032,0.0,0.2988791500879354
synth176,continuous,population,,0.1607519617664261,0.4766201138303032,0.0,0.3990620186815777
synth177,continuous,population,,0.06639576984215569,0.4766201138303032,0.0,0.3047058267573073
synth178,continuous,population,,0.19055288736315243,0.4766201138303032,0.0,0.42886294427830407
synth179,continuous,population,,0.11387861445621142,0.4766201138303032,0.0,0.352188671371363
synth180,continuous,population,,0.14224052670264078,0.4766201138303032,0.0,0.38055058361779237
synth181,continuous,population,,0.11408525253075363,0.4766201138303032,0.0,0.35239530944590525
synth182,continuous,population,,0.12208364503732863,0.4766201138303032,0.0,0.3603937019524802
synth183,continuous,population,,0.09111120687535137,0.4766201138303032,0.0,0.32942126379050296
synth184,continuous,population,,0.18023224921423214,0.4766201138303032,0.0,0.41854230612938376
synth185,continuous,population,,0.03709929840131744,0.4766201138303032,0.0,0.27540935531646904
synth186,continuous,population,,0.08133818266748385,0.4766201138303032,0.0,0.31964823958263544
synth187,continuous,population,,0.0844980566912355,0.4766201138303032,0.0,0.3228081136063871
synth188,continuous,population,,0.10250258246826023,0.4766201138303032,0.0,0.34081263938341183
synth189,continuous,population,,0.15913294494710642,0.4766201138303032,0.0,0.397443001862258
synth190,continuous,population,,0.34786687501197755,0.4766201138303032,0.0,0.5861769319271292
synth191,continuous,population,,0.043593605473510606,0.4766201138303032,0.0,0.2819036623886622
synth192,continuous,population,,0.04669911154874986,0.4766201138303032,0.0,0.28500916846390145
synth193,continuous,population,,0.5999739145581532,0.4766201138303032,0.0,0.8382839714733048
synth194,continuous,population,,1.200748104292473,0.4766201138303032,0.0,1.4390581612076248
synth195,continuous,population,,0.10103919028123975,0.4766201138303032,0.0,0.33934924719639137
synth196,continuous,population,,0.2200449029273026,0.4766201138303032,0.0,0.4583549598424542
synth197,continuous,population,,0.45420559334471455,0.4766201138303032,0.0,0.6925156502598662
synth198,continuous,population,,0.09202109614823166,0.4766201138303032,0.0,0.3303311530633833
synth199,continuous,population,,1.6407787048700975,0.4766201138303032,0.0,1.879088761785249
synth200,continuous,population,,0.6167672125255186,0.4766201138303032,0.0,0.8550772694406702
synth201,continuous,population,,0.0849161938078529,0.4766201138303032,0.0,0.3232262507230045
synth202,continuous,population,,0.0710034340320011,0.4766201138303032,0.0,0.3093134909471527
synth203,continuous,population,,0.05580845643185143,0.4766201138303032,0.0,0.29411851334700306
synth204,continuous,population,,0.1790721334643418,0.4766201138303032,0.0,0.4173821903794934
synth205,continuous,population,,0.08516643375779652,0.4766201138303032,0.0,0.32347649067294815
synth206,continuous,population,,0.15645246572742752,0.4766201138303032,0.0,0.39476252264257916
synth207,continuous,population,,0.23262032703521904,0.4766201138303032,0.0,0.4709303839503707
synth208,continuous,population,,0.07716068915705032,0.4766201138303032,0.0,0.31547074607220194
synth209,continuous,population,,0.052597718241783345,0.4766201138303032,0.0,0.29090777515693494
synth210,continuous,population,,0.15990325709117836,0.4766201138303032,0.0,0.39821331400633
synth211,continuous,population,,0.10682807502319314,0.4766201138303032,0.0,0.34513813193834475
synth212,continuous,population,,0.10843859780591218,0.4766201138303032,0.0,0.3467486547210638
synth213,continuous,population,,2.973313218474606,0.4766201138303032,0.0,3.2116232753897576
synth214,continuous,population,,0.12310398132704299,0.4766201138303032,0.0,0.3614140382421946
synth215,continuous,population,,0.05398312388151338,0.4766201138303032,0.0,0.292293180796665
synth216,continuous,population,,0.08768794070782558,0.4766201138303032,0.0,0.3259979976229772
synth217,continuous,population,,0.053019227437478694,0.4766201138303032,0.0,0.2913292843526303
synth218,continuous,population,,0.14411346196263206,0.4766201138303032,0.0,0.3824235188777837
synth219,continuous,population,,0.1612788218648307,0.4766201138303032,0.0,0.3995888787799823
synth220,continuous,population,,0.08408469426130456,0.4766201138303032,0.0,0.32239475117645616
synth221,continuous,population,,0.19327478885984753,0.4766201138303032,0.0,0.4315848457749991
synth222,continuous,population,,0.06478495796133513,0.4766201138303032,0.0,0.3030950148764867
synth223,continuous,population,,0.47173613407073794,0.4766201138303032,0.0,0.7100461909858895
synth224,continuous,population,,0.08378961161626254,0.4766201138303032,0.0,0.32209966853141414
synth225,continuous,population,,0.11685653177475328,0.4766201138303032,0.0,0.3551665886899049
synth226,continuous,population,,0.06183287740835894,0.4766201138303032,0.0,0.3001429343235106
synth227,continuous,population,,2.0874700644270834,0.4766201138303032,0.0,2.325780121342235
synth228,continuous,population,,0.08345328666704838,0.4766201138303032,0.0,0.3217633435822
synth229,continuous,population,,0.2898142938540262,0.4766201138303032,0.0,0.5281243507691777
synth230,continuous,population,,0.05681601787327643,0.4766201138303032,0.0,0.29512607478842806
synth231,continuous,population,,0.05316438228081021,0.4766201138303032,0.0,0.29147443919596183
synth232,continuous,population,,0.09140132877262605,0.4766201138303032,0.0,0.3297113856877777
synth233,continuous,population,,0.06675515291441088,0.4766201138303032,0.0,0.3050652098295625
synth234,continuous,population,,0.13159997094867404,0.4766201138303032,0.0,0.36991002786382565
synth235,continuous,population,,0.27777659921418846,0.4766201138303032,0.0,0.51608665612934
synth236,continuous,population,,0.043143512596743414,0.4766201138303032,0.0,0.28145356951189504
synth237,continuous,population,,0.1178890162390547,0.4766201138303032,0.0,0.3561990731542063
synth238,continuous,population,,0.1908802425180994,0.4766201138303032,0.0,0.42919029943325104
synth239,continuous,population,,0.02685577087055544,0.4766201138303032,0.0,0.2651658277857071
synth240,continuous,population,,0.09850512473013405,0.4766201138303032,0.0,0.3368151816452857
synth241,continuous,population,,0.1513303088454179,0.4766201138303032,0.0,0.3896403657605695
synth242,continuous,population,,0.14777607563583606,0.4766201138303032,0.0,0.38608613255098767
synth243,continuous,population,,0.7645097965820363,0.4766201138303032,0.0,1.002819853497188
synth244,continuous,population,,0.10892533096845324,0.4766201138303032,0.0,0.34723538788360486
synth245,continuous,population,,0.40204313790170065,0.4766201138303032,0.0,0.6403531948168523
synth246,continuous,population,,0.1473541389275822,0.4766201138303032,0.0,0.3856641958427338
synth247,continuous,population,,0.9133478480077132,0.4766201138303032,0.0,1.1516579049228648
synth248,continuous,population,,0.10185889198745558,0.4766201138303032,0.0,0.3401689489026072
synth249,continuous,population,,0.09320535005298404,0.4766201138303032,0.0,0.33151540696813564
synth250,continuous,population,,0.07402111244138983,0.4766201138303032,0.0,0.3123311693565414
synth251,continuous,population,,0.6915112460594122,0.4766201138303032,0.0,0.9298213029745638
synth252,continuous,population,,0.13415346161463498,0.4766201138303032,0.0,0.3724635185297866
synth253,continuous,population,,0.24997200196655642,0.4766201138303032,0.0,0.48828205888170806
synth254,continuous,population,,0.027293335203035254,0.4766201138303032,0.0,0.26560339211818684
synth255,continuous,population,,3.0232110075144614,0.4766201138303032,0.0,3.261521064429613
synth256,continuous,population,,0.06495720219448221,0.4766201138303032,0.0,0.3032672591096338
synth257,continuous,population,,0.3003172971219475,0.4766201138303032,0.0,0.5386273540370992
synth258,continuous,population,,0.08957258562503775,0.4766201138303032,0.0,0.3278826425401894
synth259,continuous,population,,0.15018629512246442,0.4766201138303032,0.0,0.388496352037616
synth260,continuous,population,,0.12798633620130825,0.4766201138303032,0.0,0.3662963931164599
synth261,continuous,population,,3.770918285356529,0.4766201138303032,0.0,4.009228342271681
synth262,continuous,population,,0.07218881428234401,0.4766201138303032,0.0,0.31049887119749564
synth263,continuous,population,,0.15331814112652337,0.4766201138303032,0.0,0.391628198041675
synth264,continuous,population,,0.21637348178367835,0.4766201138303032,0.0,0.45468353869882994
synth265,continuous,population,,0.5723145948749181,0.4766201138303032,0.0,0.8106246517900697
synth266,continuous,population,,0.11493078934994302,0.4766201138303032,0.0,0.35324084626509467
synth267,continuous,population,,0.08388119115051537,0.4766201138303032,0.0,0.322191248065667
synth268,continuous,population,,0.4396599062141331,0.4766201138303032,0.0,0.6779699631292847
synth269,continuous,population,,0.07801687250641134,0.4766201138303032,0.0,0.31632692942156293
synth270,continuous,population,,0.20126199087409127,0.4766201138303032,0.0,0.43957204778924286
synth271,continuous,population,,0.051511346454683006,0.4766201138303032,0.0,0.28982140336983464
synth272,continuous,population,,0.17592889450828048,0.4766201138303032,0.0,0.4142389514234321
synth273,continuous,population,,0.1560825312534139,0.4766201138303032,0.0,0.3943925881685655
synth274,continuous,population,,0.15928213301346225,0.4766201138303032,0.0,0.3975921899286139
synth275,continuous,population,,0.19711931027854582,0.4766201138303032,0.0,0.4354293671936974
synth276,continuous,population,,0.09725314289446774,0.4766201138303032,0.0,0.33556319980961935
synth277,continuous,population,,0.03919567816535272,0.4766201138303032,0.0,0.27750573508050436
synth278,continuous,population,,0.1389161485389653,0.4766201138303032,0.0,0.3772262054541169
synth279,continuous,population,,0.06906710938761747,0.4766201138303032,0.0,0.30737716630276907
synth280,continuous,population,,0.129110110382952,0.4766201138303032,0.0,0.3674201672981036
synth281,continuous,population,,0.1575495667472582,0.4766201138303032,0.0,0.3958596236624098
synth282,continuous,population,,0.20146523827973004,0.4766201138303032,0.0,0.4397752951948817
synth283,continuous,population,,0.04690548125339402,0.4766201138303032,0.0,0.2852155381685456
synth284,continuous,population,,0.09702959892324911,0.4766201138303032,0.0,0.33533965583840075
synth285,continuous,population,,0.3405472063639064,0.4766201138303032,0.0,0.5788572632790581
synth286,continuous,population,,3.973202731577868,0.4766201138303032,0.0,4.21151278849302
synth287,continuous,population,,0.03592765681578095,0.4766201138303032,0.0,0.2742377137309326
synth288,continuous,population,,0.07763069846551579,0.4766201138303032,0.0,0.3159407553806674
synth289,continuous,population,,0.07081416179087993,0.4766201138303032,0.0,0.3091242187060316
synth290,continuous,population,,0.04662039961470281,0.4766201138303032,0.0,0.28493045652985444
synth291,continuous,population,,0.0649597261710116,0.4766201138303032,0.0,0.3032697830861632
synth292,continuous,population,,0.07073811336011908,0.4766201138303032,0.0,0.3090481702752707
synth293,continuous,population,,0.1319490936892331,0.4766201138303032,0.0,0.37025915060438475
synth294,continuous,population,,0.055476269269282,0.4766201138303032,0.0,0.2937863261844336
synth295,continuous,population,,0.11515075058811063,0.4766201138303032,0.0,0.35346080750326225
synth296,continuous,population,,0.34308509582657526,0.4766201138303032,0.0,0.5813951527417269
synth297,continuous,population,,0.03122201649286685,0.4766201138303032,0.0,0.26953207340801844
synth298,continuous,population,,0.11264445404032435,0.4766201138303032,0.0,0.350954510955476
synth299,continuous,population,,0.041458375615445256,0.4766201138303032,0.0,0.27976843253059686
synth300,continuous,population,,0.11798142943976712,0.4766201138303032,0.0,0.35629148635491875
synth301,continuous,population,,0.19674357316243274,0.4766201138303032,0.0,0.43505363007758435
synth302,continuous,population,,0.10313477096980267,0.4766201138303032,0.0,0.3414448278849543
synth303,continuous,population,,0.21531778651972458,0.4766201138303032,0.0,0.45362784343487617
synth304,continuous,population,,0.15932965829211412,0.4766201138303032,0.0,0.3976397152072657
synth305,continuous,population,,0.08136999405730058,0.4766201138303032,0.0,0.3196800509724522
synth306,continuous,population,,0.962945732253182,0.4766201138303032,0.0,1.2012557891683335
synth307,continuous,population,,0.4149935866370193,0.4766201138303032,0.0,0.6533036435521709
synth308,continuous,population,,0.12982685349078044,0.4766201138303032,0.0,0.36813691040593205
synth309,continuous,population,,0.2648579839245098,0.4766201138303032,0.0,0.5031680408396615
synth310,continuous,population,,0.08126397603085915,0.4766201138303032,0.0,0.3195740329460108
synth311,continuous,population,,0.034516495219209097,0.4766201138303032,0.0,0.2728265521343607
synth312,continuous,population,,1.7801618473769905,0.4766201138303032,0.0,2.018471904292142
synth313,continuous,population,,0.15134763969730328,0.4766201138303032,0.0,0.38965769661245486
synth314,continuous,population,,0.07259229698450961,0.4766201138303032,0.0,0.31090235389966125
synth315,continuous,population,,0.22924022900138408,0.4766201138303032,0.0,0.4675502859165357
synth316,continuous,population,,0.054528998182439135,0.4766201138303032,0.0,0.29283905509759073
synth317,continuous,population,,0.31840014258694477,0.4766201138303032,0.0,0.5567101995020964
synth318,continuous,population,,0.2657116879624685,0.4766201138303032,0.0,0.5040217448776201
synth319,continuous,population,,0.13865584072241377,0.4766201138303032,0.0,0.3769658976375654
synth320,continuous,population,,0.3038974733571032,0.4766201138303032,0.0,0.5422075302722549
synth321,continuous,population,,0.30246580855603883,0.4766201138303032,0.0,0.5407758654711905
synth322,continuous,population,,0.08946662854931708,0.4766201138303032,0.0,0.3277766854644687
synth323,continuous,population,,0.08042506216387249,0.4766201138303032,0.0,0.3187351190790241
synth324,continuous,population,,0.23844512034925167,0.4766201138303032,0.0,0.4767551772644033
synth325,continuous,population,,0.08116143621314323,0.4766201138303032,0.0,0.3194714931282948
synth326,continuous,population,,0.2396957961913708,0.4766201138303032,0.0,0.47800585310652244
synth327,continuous,population,,0.08891199789323574,0.4766201138303032,0.0,0.32722205480838734
synth328,continuous,population,,0.17991887691526567,0.4766201138303032,0.0,0.41822893383041726
synth329,continuous,population,,0.15409167737282775,0.4766201138303032,0.0,0.39240173428797936
synth330,continuous,population,,0.19183276918191547,0.4766201138303032,0.0,0.4301428260970671
synth331,continuous,population,,0.4282975886843095,0.4766201138303032,0.0,0.6666076455994612
synth332,continuous,population,,0.5706989602886127,0.4766201138303032,0.0,0.8090090172037643
synth333,continuous,population,,0.2320456849119345,0.4766201138303032,0.0,0.4703557418270861
synth334,continuous,population,,0.11228576801027261,0.4766201138303032,0.0,0.35059582492542424
synth335,continuous,population,,0.08623151879237166,0.4766201138303032,0.0,0.3245415757075233
synth336,continuous,population,,0.2662392348397129,0.4766201138303032,0.0,0.5045492917548645
synth337,continuous,population,,0.08706283631361872,0.4766201138303032,0.0,0.32537289322877033
synth338,continuous,population,,0.08063402054040594,0.4766201138303032,0.0,0.31894407745555753
synth339,continuous,population,,0.05876241933347557,0.4766201138303032,0.0,0.2970724762486272
synth340,continuous,population,,0.13031798351114218,0.4766201138303032,0.0,0.3686280404262938
synth341,continuous,population,,0.11878202515302584,0.4766201138303032,0.0,0.35709208206817744
synth342,continuous,population,,0.16054740683380186,0.4766201138303032,0.0,0.3988574637489535
synth343,continuous,population,,0.11998014824782324,0.4766201138303032,0.0,0.35829020516297483
synth344,continuous,population,,0.1240170144637946,0.4766201138303032,0.0,0.3623270713789462
synth345,continuous,population,,0.11397794234283913,0.4766201138303032,0.0,0.35228799925799076
synth346,continuous,population,,0.05780229281555854,0.4766201138303032,0.0,0.29611234973071016
synth347,continuous,population,,0.10691171819099195,0.4766201138303032,0.0,0.34522177510614355
synth348,continuous,population,,0.21088087206895495,0.4766201138303032,0.0,0.44919092898410656
synth349,continuous,population,,0.03374842026535639,0.4766201138303032,0.0,0.272058477180508
synth350,continuous,population,,0.16182344453583064,0.4766201138303032,0.0,0.40013350145098225
synth351,continuous,population,,3.727571037803646,0.4766201138303032,0.0,3.9658810947187977
synth352,continuous,population,,0.1820782531411107,0.4766201138303032,0.0,0.4203883100562623
synth353,continuous,population,,0.12620119013336167,0.4766201138303032,0.0,0.3645112470485133
synth354,continuous,population,,0.10756558442310285,0.4766201138303032,0.0,0.34587564133825444
synth355,continuous,population,,0.053918728544726686,0.4766201138303032,0.0,0.2922287854598783
synth356,continuous,population,,0.03978593842390355,0.4766201138303032,0.0,0.27809599533905516
synth357,continuous,population,,0.18769174118524826,0.4766201138303032,0.0,0.42600179810039984
synth358,continuous,population,,0.12041455993996211,0.4766201138303032,0.0,0.3587246168551137
synth359,continuous,population,,0.2653857924989924,0.4766201138303032,0.0,0.503695849414144
synth360,continuous,population,,0.06621065984299102,0.4766201138303032,0.0,0.30452071675814263
synth361,continuous,population,,0.05964769348755238,0.4766201138303032,0.0,0.297957750402704
synth362,continuous,population,,0.05839856724973436,0.4766201138303032,0.0,0.29670862416488597
synth363,continuous,population,,0.053282553216060013,0.4766201138303032,0.0,0.2915926101312116
synth364,continuous,population,,0.04114058748439147,0.4766201138303032,0.0,0.2794506443995431
synth365,continuous,population,,0.23820738526614724,0.4766201138303032,0.0,0.4765174421812989
synth366,continuous,population,,0.07499133231676368,0.4766201138303032,0.0,0.3133013892319153
synth367,continuous,population,,1.088435095484851,0.4766201138303032,0.0,1.3267451524000027
synth368,continuous,population,,0.10777484261608644,0.4766201138303032,0.0,0.34608489953123805
synth369,continuous,population,,0.09715427365407715,0.4766201138303032,0.0,0.33546433056922875
synth370,continuous,population,,1.3771554107968778,0.4766201138303032,0.0,1.6154654677120295
synth371,continuous,population,,0.06008401870680062,0.4766201138303032,0.0,0.29839407562195225
synth372,continuous,population,,0.6095574256625698,0.4766201138303032,0.0,0.8478674825777214
synth373,continuous,population,,0.10926883575090494,0.4766201138303032,0.0,0.34757889266605657
synth374,continuous,population,,0.04139362420534161,0.4766201138303032,0.0,0.2797036811204932
synth375,continuous,population,,1.813427592042632,0.4766201138303032,0.0,2.0517376489577837
synth376,continuous,population,,0.11699143161022912,0.4766201138303032,0.0,0.35530148852538074
synth377,continuous,population,,0.16799050265502585,0.4766201138303032,0.0,0.40630055957017747
synth378,continuous,population,,0.06404038842827539,0.4766201138303032,0.0,0.30235044534342703
synth379,continuous,population,,0.11898459526733132,0.4766201138303032,0.0,0.3572946521824829
synth380,continuous,population,,0.10572198232349089,0.4766201138303032,0.0,0.3440320392386425
synth381,continuous,population,,0.06728739206022892,0.4766201138303032,0.0,0.30559744897538055
synth382,continuous,population,,0.2160281650225866,0.4766201138303032,0.0,0.4543382219377382
synth383,continuous,population,,0.12933158660302185,0.4766201138303032,0.0,0.36764164351817347
synth384,continuous,population,,0.06366887977272831,0.4766201138303032,0.0,0.3019789366878799
synth385,continuous,population,,0.16385264646101785,0.4766201138303032,0.0,0.40216270337616944
synth386,continuous,population,,0.2311144599191425,0.4766201138303032,0.0,0.4694245168342941
synth387,continuous,population,,0.2380544770236986,0.4766201138303032,0.0,0.47636453393885025
synth388,continuous,population,,0.15600565928481647,0.4766201138303032,0.0,0.3943157161999681
synth389,continuous,population,,0.10182639489142968,0.4766201138303032,0.0,0.3401364518065813
synth390,continuous,population,,0.10440572177385754,0.4766201138303032,0.0,0.34271577868900915
synth391,continuous,population,,0.05421341784272935,0.4766201138303032,0.0,0.292523474757881
synth392,continuous,population,,0.13991124472249103,0.4766201138303032,0.0,0.37822130163764267
synth393,continuous,population,,0.08673484766419486,0.4766201138303032,0.0,0.3250449045793465
synth394,continuous,population,,0.6302332388104915,0.4766201138303032,0.0,0.8685432957256431
synth395,continuous,population,,0.04253361842726694,0.4766201138303032,0.0,0.28084367534241855
synth396,continuous,population,,0.18158169880497083,0.4766201138303032,0.0,0.41989175572012244
synth397,continuous,population,,0.8095039001465383,0.4766201138303032,0.0,1.04781395706169
synth398,continuous,population,,1.212483139454175,0.4766201138303032,0.0,1.4507931963693266
synth399,continuous,population,,0.030739224663439424,0.4766201138303032,0.0,0.26904928157859104
synth000,continuous,twin,,0.8260595509853014,0.7149256556673227,0.0,1.1835223788189628
synth001,continuous,twin,,0.1820945656043221,0.1033845200666872,0.0,0.2337868256376657
synth002,continuous,twin,,0.4124488482445973,0.2819645937629251,0.0,0.5534311451260598
synth003,continuous,twin,,0.18470417149530033,0.3532560786698797,0.0,0.36133221083024014
synth004,continuous,twin,,0.2061442491377105,0.07201799145890571,0.0,0.24215324486716336
synth005,continuous,twin,,0.29941806797878373,0.07995076667277647,0.0,0.33939345131517196
synth006,continuous,twin,,0.3105008939849389,0.142235188619419,0.0,0.3816184882946484
synth007,continuous,twin,,0.11650496497207521,0.11452583704997508,0.0,0.17376788349706276
synth008,continuous,twin,,0.41578115347837186,0.17073243329996715,0.0,0.5011473701283554
synth009,continuous,twin,,0.23779712441387932,0.17240166512382088,0.0,0.32399795697578976
synth010,continuous,twin,,0.4146200786804642,0.20698640241926874,0.0,0.5181132798900986
synth011,continuous,twin,,0.29669657034365116,0.2708300273293547,0.0,0.4321115840083285
synth012,continuous,twin,,0.49462084631133707,0.4484534695403574,0.0,0.7188475810815158
synth013,continuous,twin,,0.25011596361200944,0.08059155188468599,0.0,0.29041173955435245
synth014,continuous,twin,,0.20349800082668615,0.25548611168120416,0.0,0.3312410566672882
synth015,continuous,twin,,0.3043982907209172,0.06682796532054755,0.0,0.33781227338119096
synth016,continuous,twin,,0.245064806037694,0.12402976264944321,0.0,0.30707968736241564
synth017,continuous,twin,,0.8162178492001994,0.4863430957596605,0.0,1.0593893970800297
synth018,continuous,twin,,0.1166286963390714,0.3146742521366157,0.0,0.27396582240737927
synth019,continuous,twin,,0.12901586467478982,0.14814139821172087,0.0,0.20308656378065026
synth020,continuous,twin,,3.4201502116095175,1.0,0.0,3.9201502116095175
synth021,continuous,twin,,0.15925007378697942,0.2247304574326516,0.0,0.27161530250330523
synth022,continuous,twin,,0.11736999321035116,0.13111592671829636,0.0,0.18292795656949934
synth023,continuous,twin,,0.1536527522616028,0.1539294648474503,0.0,0.23061748468532794
synth024,continuous,twin,,0.3304551326289001,0.23781438038638317,0.0,0.44936232282209165
synth025,continuous,twin,,0.14822239837185636,0.2334182721422075,0.0,0.26493153444296014
synth026,continuous,twin,,0.2219833876153627,0.10200840306906792,0.0,0.2729875891498967
synth027,continuous,twin,,0.6587490013656044,1.0,0.0,1.1587490013656043
synth028,continuous,twin,,1.1576405912784804,1.0,0.0,1.6576405912784804
synth029,continuous,twin,,0.2170566509284755,0.2851118897875649,0.0,0.35961259582225796
synth030,continuous,twin,,0.19209978993430615,0.16416409077655025,0.0,0.2741818353225813
synth031,continuous,twin,,0.1569668992755152,0.21491744652196088,0.0,0.2644256225364956
synth032,continuous,twin,,0.2916490487956152,0.38872021148910846,0.0,0.48600915454016946
synth033,continuous,twin,,0.19503534027649105,0.6962486557083067,0.0,0.5431596681306444
synth034,continuous,twin,,0.22305011010168224,0.10736073815735925,0.0,0.27673047918036187
synth035,continuous,twin,,0.13579614515265453,0.13277426438489368,0.0,0.2021832773451014
synth036,continuous,twin,,0.36542758710352524,0.1722038259292576,0.0,0.45152950006815407
synth037,continuous,twin,,0.44035906271776265,0.07497017056368514,0.0,0.47784414799960523
synth038,continuous,twin,,0.2812545439893919,0.3257202543866163,0.0,0.4441146711827001
synth039,continuous,twin,,0.19545947410353645,0.42534888868758824,0.0,0.4081339184473306
synth040,continuous,twin,,0.20302601579016996,0.37708508308395006,0.0,0.391568557332145
synth041,continuous,twin,,0.8863165419698534,0.6384719027398108,0.0,1.2055524933397588
synth042,continuous,twin,,0.30146865465707123,0.4189733870050724,0.0,0.5109553481596074
synth043,continuous,twin,,0.22684815445061346,1.0,0.0,0.7268481544506135
synth044,continuous,twin,,0.1893304907022966,0.14098926151806848,0.0,0.25982512146133085
synth045,continuous,twin,,0.23328265077018287,0.09497196650598626,0.0,0.280768634023176
synth046,continuous,twin,,0.478937933648592,0.16202216140689576,0.0,0.5599490143520399
synth047,continuous,twin,,0.06630961949843142,0.12126984359856394,0.0,0.12694454129771338
synth048,continuous,twin,,0.37707688999823696,0.1060976983736177,0.0,0.4301257391850458
synth049,continuous,twin,,0.34056160869133983,0.08624576864523245,0.0,0.3836844930139561
synth050,continuous,twin,,1.2275053089637313,1.0,0.0,1.7275053089637313
synth051,continuous,twin,,0.2085987068233592,0.3267712699019952,0.0,0.3719843417743568
synth052,continuous,twin,,0.1041653605414565,0.2993273857689521,0.0,0.25382905342593254
synth053,continuous,twin,,0.16954699013076005,0.12655955981067682,0.0,0.23282677003609847
synth054,continuous,twin,,0.07549350848317343,0.11033343759692896,0.0,0.1306602272816379
synth055,continuous,twin,,0.15312920081880357,0.13805063034858384,0.0,0.2221545159930955
synth056,continuous,twin,,0.09950674087383787,0.12436696227617676,0.0,0.16169022201192626
synth057,continuous,twin,,0.3523201455472271,0.2995751809099657,0.0,0.5021077360022099
synth058,continuous,twin,,0.16571876485965414,0.06243482489801889,0.0,0.19693617730866358
synth059,continuous,twin,,0.19865906772627207,0.07493580113085688,0.0,0.2361269682917005
synth060,continuous,twin,,0.15991047979484602,0.0806253013034676,0.0,0.2002231304465798
synth061,continuous,twin,,0.12930151345419974,0.7430502492678959,0.0,0.5008266380881476
synth062,continuous,twin,,0.1032677638299465,0.14271366795584262,0.0,0.17462459780786782
synth063,continuous,twin,,0.2718955659151029,0.1292077360117588,0.0,0.3364994339209823
synth064,continuous,twin,,0.22255687690053674,0.0878034609311087,0.0,0.2664586073660911
synth065,continuous,twin,,0.2116611759076299,0.12235363906642518,0.0,0.2728379954408425
synth066,continuous,twin,,0.1146043611229852,0.20005477716927647,0.0,0.21463174970762344
synth067,continuous,twin,,0.23430492679356008,0.20080023131154498,0.0,0.3347050424493326
synth068,continuous,twin,,0.12003958474742417,0.2070814066375992,0.0,0.22358028806622376
synth069,continuous,twin,,0.43312822990504823,0.40743448045708824,0.0,0.6368454701335924
synth070,continuous,twin,,0.650902394008155,0.5158654189116662,0.0,0.9088351034639881
synth071,continuous,twin,,0.21786393472498342,0.24159026912732734,0.0,0.3386590692886471
synth072,continuous,twin,,0.1911942762494175,0.29802704834491,0.0,0.3402078004218725
synth073,continuous,twin,,0.2566861356609428,0.19552285965240002,0.0,0.3544475654871428
synth074,continuous,twin,,0.13635102213771977,0.1357910626654877,0.0,0.2042465534704636
synth075,continuous,twin,,0.14907997032937337,0.11643840655528727,0.0,0.207299173607017
synth076,continuous,twin,,0.2672488084359207,0.15991203454090502,0.0,0.34720482570637323
synth077,continuous,twin,,1.1060165737143028,0.8485446880554625,0.0,1.530288917742034
synth078,continuous,twin,,0.21621325008558018,0.39579372957347175,0.0,0.4141101148723161
synth079,continuous,twin,,0.19019553088496396,0.16688839531437952,0.0,0.27363972854215374
synth080,continuous,twin,,0.08678044740582203,0.1033685742380427,0.0,0.13846473452484337
synth081,continuous,twin,,0.21237422468190972,0.1879734746762625,0.0,0.306360962020041
synth082,continuous,twin,,0.3363960782633798,0.48756000251422543,0.0,0.5801760795204925
synth083,continuous,twin,,0.30520339963500065,0.1395747788624845,0.0,0.3749907890662429
synth084,continuous,twin,,0.18039121741904537,0.3261325686670724,0.0,0.3434575017525816
synth085,continuous,twin,,0.21033546226362135,0.41286700393984,0.0,0.4167689642335414
synth086,continuous,twin,,0.20055980630444145,0.08723313802006638,0.0,0.24417637531447464
synth087,continuous,twin,,0.3569932595947958,0.07910996001529642,0.0,0.396548239602444
synth088,continuous,twin,,0.2527339509293522,0.28180854972570063,0.0,0.39363822579220253
synth089,continuous,twin,,0.3166853144142587,0.7510434792563666,0.0,0.692207054042442
synth090,continuous,twin,,0.198375392447146,0.18772114645457602,0.0,0.292235965674434
synth091,continuous,twin,,0.09953672283103504,0.12474267543082601,0.0,0.16190806054644805
synth092,continuous,twin,,0.27672907731306456,0.2780156939352949,0.0,0.415736924280712
synth093,continuous,twin,,0.09584617727510975,0.36812320511345464,0.0,0.27990777983183707
synth094,continuous,twin,,0.4586895090482807,0.14754575906786127,0.0,0.5324623885822113
synth095,continuous,twin,,0.5424727490253782,0.11061677933983433,0.0,0.5977811386952954
synth096,continuous,twin,,0.160090228176002,0.1518843641737503,0.0,0.23603241026287713
synth097,continuous,twin,,0.19077726213059046,0.299281924729883,0.0,0.34041822449553194
synth098,continuous,twin,,0.28374416243805745,0.3014887846537036,0.0,0.4344885547649092
synth099,continuous,twin,,0.2294563468928297,0.3106965202433321,0.0,0.38480460701449576
synth100,continuous,twin,,0.11895647975061253,0.25479874700264427,0.0,0.24635585325193465
synth101,continuous,twin,,0.5383359580595436,0.13144571044795506,0.0,0.6040588132835212
synth102,continuous,twin,,0.5082347398105184,0.11530008019395399,0.0,0.5658847799074953
synth103,continuous,twin,,0.19816810662101908,0.4759628417624156,0.0,0.4361495275022269
synth104,continuous,twin,,0.32448541809393,0.11151694682892095,0.0,0.3802438915083905
synth105,continuous,twin,,0.25365857391823654,0.1091142363605715,0.0,0.3082156920985223
synth106,continuous,twin,,0.2637536648561443,0.07724452523541699,0.0,0.30237592747385283
synth107,continuous,twin,,0.381089898828997,0.08250961344930342,0.0,0.4223447055536487
synth108,continuous,twin,,0.5699536420362744,0.35388581025756266,0.0,0.7468965471650557
synth109,continuous,twin,,0.20219709216723958,0.08383182848460781,0.0,0.24411300640954348
synth110,continuous,twin,,0.19119416931109456,0.07750993643188324,0.0,0.2299491375270362
synth111,continuous,twin,,0.3786299937553198,0.20956861798188353,0.0,0.48341430274626157
synth112,continuous,twin,,2.0538034966451844,1.0,0.0,2.5538034966451844
synth113,continuous,twin,,0.3258473875124252,0.29947181247779364,0.0,0.475583293751322
synth114,continuous,twin,,0.5255788269765349,0.1814059489150554,0.0,0.6162818014340626
synth115,continuous,twin,,0.18996872470456339,0.22097530868169213,0.0,0.30045637904540945
synth116,continuous,twin,,0.3895468118407386,0.5038513938402478,0.0,0.6414725087608625
synth117,continuous,twin,,0.16749311620614366,0.18551114120987058,0.0,0.26024868681107893
synth118,continuous,twin,,0.09309241889589376,0.2307264733006831,0.0,0.2084556555462353
synth119,continuous,twin,,0.37311682881081415,1.0,0.0,0.8731168288108142
synth120,continuous,twin,,0.2803744938286842,0.4366010871374293,0.0,0.4986750373973988
synth121,continuous,twin,,0.17518788611691083,0.21771206709093208,0.0,0.28404391966237685
synth122,continuous,twin,,0.5855145247442021,0.1516761310265832,0.0,0.6613525902574937
synth123,continuous,twin,,19.201697489866778,0.25589026197022574,0.0,19.32964262085189
synth124,continuous,twin,,0.4220808779365958,0.37882571098955453,0.0,0.611493733431373
synth125,continuous,twin,,0.4957788672948376,0.10520352424021878,0.0,0.548380629414947
synth126,continuous,twin,,1.9402569650589858,1.0,0.0,2.440256965058986
synth127,continuous,twin,,0.2312086481898935,0.11886230504764056,0.0,0.29063980071371376
synth128,continuous,twin,,0.31809453545228755,0.2905996159604054,0.0,0.46339434343249025
synth129,continuous,twin,,0.20088064872227324,0.34522811033636325,0.0,0.37349470389045486
synth130,continuous,twin,,0.34577678565777686,0.32772116559117775,0.0,0.5096373684533657
synth131,continuous,twin,,0.2246189379025868,0.15908601498710864,0.0,0.3041619453961411
synth132,continuous,twin,,1.9189163452418783,1.0,0.0,2.418916345241878
synth133,continuous,twin,,0.056051958035394187,0.2343022863749361,0.0,0.17320310122286225
synth134,continuous,twin,,0.2296608638431134,0.09561452261637919,0.0,0.277468125151303
synth135,continuous,twin,,0.18994455963853019,0.2410298821749166,0.0,0.3104595007259885
synth136,continuous,twin,,0.6963024413020237,0.4431727069275835,0.0,0.9178887947658154
synth137,continuous,twin,,0.33041834575558277,0.5343532828123533,0.0,0.5975949871617594
synth138,continuous,twin,,0.4602584046617694,0.3844065867410553,0.0,0.652461698032297
synth139,continuous,twin,,0.11224276634623079,0.13268126669110927,0.0,0.17858339969178544
synth140,continuous,twin,,0.392825917044845,0.4659054541864993,0.0,0.6257786441380946
synth141,continuous,twin,,0.6533114454679773,0.3928171306942199,0.0,0.8497200108150872
synth142,continuous,twin,,0.19151581066122142,0.1796054902045374,0.0,0.28131855576349013
synth143,continuous,twin,,0.2682468195954631,0.29073502485296915,0.0,0.41361433202194764
synth144,continuous,twin,,0.2732732594280011,0.1244683247478148,0.0,0.3355074218019085
synth145,continuous,twin,,0.2363978092238834,0.7871435926690836,0.0,0.6299696055584252
synth146,continuous,twin,,0.39491502973599546,0.1727361235069116,0.0,0.48128309148945125
synth147,continuous,twin,,0.1279486809632925,0.08663580622206793,0.0,0.1712665840743265
synth148,continuous,twin,,0.15138236500834373,0.10551544995053724,0.0,0.20414008998361236
synth149,continuous,twin,,0.5370642092421412,0.4056907986290616,0.0,0.739909608556672
synth150,continuous,twin,,0.3308251338537224,0.09788286127354884,0.0,0.37976656449049684
synth151,continuous,twin,,0.3058545575131104,0.09022092908068043,0.0,0.35096502205345065
synth152,continuous,twin,,0.27883659257077775,0.21331365126145296,0.0,0.38549341820150423
synth153,continuous,twin,,0.21383959555945314,0.11531939099702251,0.0,0.2714992910579644
synth154,continuous,twin,,0.24736150535879245,0.18903434521998938,0.0,0.3418786779687871
synth155,continuous,twin,,0.19478786746723173,0.14518958257975792,0.0,0.2673826587571107
synth156,continuous,twin,,0.10640337858852618,0.17346641507452415,0.0,0.19313658612578827
synth157,continuous,twin,,0.5050984479785584,0.06557652290209845,0.0,0.5378867094296076
synth158,continuous,twin,,0.27744313507398854,0.0708058861258917,0.0,0.3128460781369344
synth159,continuous,twin,,0.30671058871312623,0.0729020134662504,0.0,0.3431615954462514
synth160,continuous,twin,,0.41762311428030324,0.06454254417723178,0.0,0.44989438636891915
synth161,continuous,twin,,2.740320953547306,0.39884286432193117,0.0,2.939742385708272
synth162,continuous,twin,,0.1697757323603733,0.0672109046263844,0.0,0.2033811846735655
synth163,continuous,twin,,0.18926931641044312,0.2858593340323077,0.0,0.3321989834265969
synth164,continuous,twin,,0.25564432089631495,0.15768967891348976,0.0,0.3344891603530598
synth165,continuous,twin,,1.1250817170251175,0.5166629547411998,0.0,1.3834131943957173
synth166,continuous,twin,,0.20693300391607625,0.30422888840083023,0.0,0.35904744811649136
synth167,continuous,twin,,0.9497493521446815,0.3989981765730095,0.0,1.1492484404311862
synth168,continuous,twin,,0.34177858351637075,0.12322827712485632,0.0,0.4033927220787989
synth169,continuous,twin,,0.1918464363775706,0.2033131085800585,0.0,0.29350299066759983
synth170,continuous,twin,,0.47087066903478997,0.10329452184596903,0.0,0.5225179299577745
synth171,continuous,twin,,0.4207681245142832,0.07191430358602145,0.0,0.4567252763072939
synth172,continuous,twin,,0.17226732847909348,0.10891102954279656,0.0,0.22672284325049177
synth173,continuous,twin,,0.23527114510597696,0.18580392226357983,0.0,0.32817310623776685
synth174,continuous,twin,,0.26295270452913716,0.1536685684345238,0.0,0.33978698874639907
synth175,continuous,twin,,0.224803022907071,0.07084263814808728,0.0,0.26022434198111466
synth176,continuous,twin,,0.287992249544479,0.22686373211860786,0.0,0.40142411560378294
synth177,continuous,twin,,0.13970894336413953,0.16895377953756538,0.0,0.22418583313292223
synth178,continuous,twin,,0.3392590336006707,0.23967395047657916,0.0,0.4590960088389603
synth179,continuous,twin,,0.3819329939585021,0.06922605227563224,0.0,0.41654602009631825
synth180,continuous,twin,,0.38406564806592663,0.09983189559923832,0.0,0.4339815958655458
synth181,continuous,twin,,0.17558859757616838,0.2526547994604595,0.0,0.3019159973063981
synth182,continuous,twin,,0.24999259798625714,0.15939692880955036,0.0,0.3296910623910323
synth183,continuous,twin,,0.19261815845063862,0.1437112696126848,0.0,0.264473793256981
synth184,continuous,twin,,0.3882691143969657,0.0886454174321441,0.0,0.4325918231130378
synth185,continuous,twin,,0.09166494284911834,0.11946700692338602,0.0,0.15139844631081134
synth186,continuous,twin,,0.21557816643555008,0.08351418494563342,0.0,0.2573352589083668
synth187,continuous,twin,,0.14682343834782288,0.18966042964541444,0.0,0.2416536531705301
synth188,continuous,twin,,0.17772033311613658,0.20953762413427676,0.0,0.28248914518327495
synth189,continuous,twin,,0.1392350973109982,0.5687473614630884,0.0,0.4236087780425424
synth190,continuous,twin,,0.24567618150249815,0.6446998838030039,0.0,0.568026123404
synth191,continuous,twin,,0.08282461557042715,0.15559433094690597,0.0,0.16062178104388014
synth192,continuous,twin,,0.07179833349628299,0.22721681259757984,0.0,0.1854067397950729
synth193,continuous,twin,,0.42396591415504475,0.752481655187408,0.0,0.8002067417487487
synth194,continuous,twin,,0.8653477106290905,0.8467923407550179,0.0,1.2887438810065994
synth195,continuous,twin,,0.2917804968866772,0.09077547116298494,0.0,0.3371682324681696
synth196,continuous,twin,,0.4631541636235989,0.1324545500643709,0.0,0.5293814386557844
synth197,continuous,twin,,0.8217618914499246,0.18503301355044335,0.0,0.9142783982251463
synth198,continuous,twin,,0.18216332190871004,0.20825688883023577,0.0,0.2862917663238279
synth199,continuous,twin,,0.5550214126980791,0.6953247932152127,0.0,0.9026838093056855
synth200,continuous,twin,,0.15253612589067347,1.0,0.0,0.6525361258906734
synth201,continuous,twin,,0.27752740774240287,0.08548506068182585,0.0,0.3202699380833158
synth202,continuous,twin,,0.22588021785721138,0.07307699693803961,0.0,0.2624187163262312
synth203,continuous,twin,,0.12568781280165328,0.1386753843172059,0.0,0.19502550496025622
synth204,continuous,twin,,0.23136435775192285,0.33798575423764504,0.0,0.40035723487074537
synth205,continuous,twin,,0.19588881719335066,0.1341665673713803,0.0,0.2629721008790408
synth206,continuous,twin,,0.24302990768900748,0.25531105912745305,0.0,0.370685437252734
synth207,continuous,twin,,0.2690097116497837,0.3810515431081285,0.0,0.45953548320384796
synth208,continuous,twin,,0.2168931479737523,0.10724993028205873,0.0,0.2705181131147817
synth209,continuous,twin,,0.10706806631287505,0.1423270670648943,0.0,0.17823159984532222
synth210,continuous,twin,,0.25700860151661303,0.20068946333857618,0.0,0.3573533331859011
synth211,continuous,twin,,0.18697167195114714,0.21205460062516845,0.0,0.2929989722637314
synth212,continuous,twin,,0.19291174125536056,0.23420860823522255,0.0,0.31001604537297184
synth213,continuous,twin,,2.4206995285196515,1.0,0.0,2.9206995285196515
synth214,continuous,twin,,0.24943849236593593,0.14963906814329395,0.0,0.3242580264375829
synth215,continuous,twin,,0.07538151439525372,0.30756102876738245,0.0,0.22916202877894493
synth216,continuous,twin,,0.2776088749093025,0.096984863829489,0.0,0.32610130682404703
synth217,continuous,twin,,0.1582278875718609,0.06994045387962824,0.0,0.193198114511675
synth218,continuous,twin,,0.38790992425167536,0.12056628778274987,0.0,0.4481930681430503
synth219,continuous,twin,,0.44764929981693147,0.084609775892725,0.0,0.48995418776329397
synth220,continuous,twin,,0.22167545861757545,0.13437741126803207,0.0,0.2888641642515915
synth221,continuous,twin,,0.2618398721251794,0.33879400819571215,0.0,0.43123687622303547
synth222,continuous,twin,,0.18416422182227082,0.08099441446281656,0.0,0.2246614290536791
synth223,continuous,twin,,0.5514707696919967,0.2907845038283027,0.0,0.696863021606148
synth224,continuous,twin,,0.1545733292351122,0.13982838918529641,0.0,0.22448752382776038
synth225,continuous,twin,,0.25204726824865914,0.12240910487555982,0.0,0.31325182068643903
synth226,continuous,twin,,0.11189374964586778,0.17037589725044922,0.0,0.1970816982710924
synth227,continuous,twin,,0.3050808745443913,1.0,0.0,0.8050808745443914
synth228,continuous,twin,,0.2500714898681146,0.10708160025275783,0.0,0.3036122899944935
synth229,continuous,twin,,0.43434674528075473,0.2627150202356067,0.0,0.5657042553985581
synth230,continuous,twin,,0.12647979663779274,0.1291527496875458,0.0,0.19105617148156565
synth231,continuous,twin,,0.08708969999440282,0.1860766282328381,0.0,0.18012801411082185
synth232,continuous,twin,,0.22567540837238356,0.12420801813696059,0.0,0.2877794174408639
synth233,continuous,twin,,0.18715546371371256,0.07963520766201465,0.0,0.22697306754471988
synth234,continuous,twin,,0.21198062952687516,0.20396290367207773,0.0,0.31396208136291404
synth235,continuous,twin,,0.360861209617208,0.33801703393459703,0.0,0.5298697265845065
synth236,continuous,twin,,0.13151309769030137,0.08583721066481936,0.0,0.17443170302271105
synth237,continuous,twin,,0.26289967333916997,0.09010058447743609,0.0,0.307949965577888
synth238,continuous,twin,,0.5389277722649611,0.0844720838579612,0.0,0.5811638141939417
synth239,continuous,twin,,0.054464050268462204,0.1499424579182279,0.0,0.12943527922757617
synth240,continuous,twin,,0.17186967402361625,0.1882073208549624,0.0,0.26597333445109744
synth241,continuous,twin,,0.31674389329059305,0.16655899844065986,0.0,0.400023392510923
synth242,continuous,twin,,0.20489053964720325,0.3034792393355753,0.0,0.35663015931499087
synth243,continuous,twin,,0.42058981786113087,0.776608667422135,0.0,0.8088941515721983
synth244,continuous,twin,,0.25462539017034513,0.11557673885093657,0.0,0.3124137595958134
synth245,continuous,twin,,0.9062617004266154,0.12712725823116267,0.0,0.9698253295421967
synth246,continuous,twin,,0.15411267049056684,0.4640775449385935,0.0,0.3861514429598636
synth247,continuous,twin,,0.30539005498940613,0.6855778288187703,0.0,0.6481789693987913
synth248,continuous,twin,,0.4141210348493403,0.09413935570048038,0.0,0.4611907126995805
synth249,continuous,twin,,0.2640804845785101,0.10934684476369746,0.0,0.3187539069603588
synth250,continuous,twin,,0.20181230601300074,0.1014576589362653,0.0,0.2525411354811334
synth251,continuous,twin,,0.18934000016027316,1.0,0.0,0.6893400001602732
synth252,continuous,twin,,0.4879796053601794,0.09501332018495554,0.0,0.5354862654526572
synth253,continuous,twin,,0.23580733318332212,0.5092093672756431,0.0,0.49041201682114366
synth254,continuous,twin,,0.07519575391011887,0.08922150658559522,0.0,0.11980650720291648
synth255,continuous,twin,,0.4797176480523267,1.0,0.0,0.9797176480523266
synth256,continuous,twin,,0.19244600565213443,0.07154933941324995,0.0,0.2282206753587594
synth257,continuous,twin,,0.23082287413838237,0.6272672611761128,0.0,0.5444565047264387
synth258,continuous,twin,,0.30454100401611256,0.060813076064115075,0.0,0.3349475420481701
synth259,continuous,twin,,0.24013748250322584,0.27415915776823035,0.0,0.377217061387341
synth260,continuous,twin,,0.3629837394275661,0.0907569137623653,0.0,0.40836219630874876
synth261,continuous,twin,,2.514868727739072,1.0,0.0,3.014868727739072
synth262,continuous,twin,,0.07875791613979544,0.160372765055089,0.0,0.15894429866733994
synth263,continuous,twin,,0.17667535278627378,0.40550970528604535,0.0,0.37943020542929645
synth264,continuous,twin,,0.4375241328570154,0.22906245540518547,0.0,0.5520553605596081
synth265,continuous,twin,,0.8422691740525076,0.15705615720232668,0.0,0.920797252653671
synth266,continuous,twin,,0.30943513111540505,0.06778566174247519,0.0,0.3433279619866426
synth267,continuous,twin,,0.16601868218843188,0.15447346382376154,0.0,0.24325541410031265
synth268,continuous,twin,,0.48674623937575967,0.4177003442921871,0.0,0.6955964115218533
synth269,continuous,twin,,0.12719591003063913,0.212098298852439,0.0,0.23324505945685864
synth270,continuous,twin,,0.24053690503458355,0.37585760287445774,0.0,0.4284657064718124
synth271,continuous,twin,,0.12472109746419116,0.12595012853832477,0.0,0.18769616173335354
synth272,continuous,twin,,0.2777612719574789,0.26448971985499525,0.0,0.41000613188497653
synth273,continuous,twin,,0.1667532787970544,0.4471262639891339,0.0,0.3903164107916214
synth274,continuous,twin,,0.26901188774847884,0.21909967094852895,0.0,0.3785617232227433
synth275,continuous,twin,,0.37800026510365714,0.19298193892703228,0.0,0.4744912345671733
synth276,continuous,twin,,0.1985622570492425,0.17585401837252068,0.0,0.28648926623550286
synth277,continuous,twin,,0.140315002700173,0.0800837839592064,0.0,0.1803568946797762
synth278,continuous,twin,,0.20630789621488715,0.2939216361474999,0.0,0.3532687142886371
synth279,continuous,twin,,0.1171570342723719,0.20836401907248805,0.0,0.2213390438086159
synth280,continuous,twin,,0.3570951922657366,0.08884904282516334,0.0,0.4015197136783183
synth281,continuous,twin,,0.26212885137762626,0.18369087520334498,0.0,0.3539742889792987
synth282,continuous,twin,,0.31870102010942264,0.23183529695021182,0.0,0.4346186685845286
synth283,continuous,twin,,0.06888716416932845,0.26231131039424993,0.0,0.2000428193664534
synth284,continuous,twin,,0.1810046272064826,0.15611304999096584,0.0,0.2590611522019655
synth285,continuous,twin,,0.4695107732220422,0.2567348921907799,0.0,0.5978782193174321
synth286,continuous,twin,,0.6846032708505821,1.0,0.0,1.184603270850582
synth287,continuous,twin,,0.11977248491666719,0.07091523231480737,0.0,0.15523010107407087
synth288,continuous,twin,,0.11084139598628331,0.2904103419918279,0.0,0.2560465669821973
synth289,continuous,twin,,0.13189884982970126,0.21119650159020525,0.0,0.2374971006248039
synth290,continuous,twin,,0.09239120258654585,0.1633406871936235,0.0,0.1740615461833576
synth291,continuous,twin,,0.10212110092062604,0.240455254585974,0.0,0.22234872821361304
synth292,continuous,twin,,0.12542827207962612,0.20677319712765638,0.0,0.2288148706434543
synth293,continuous,twin,,0.32068575077064626,0.10431524307022887,0.0,0.3728433723057607
synth294,continuous,twin,,0.2162536723103392,0.07179193579863277,0.0,0.2521496402096556
synth295,continuous,twin,,0.3282426982799586,0.09166171402315522,0.0,0.37407355529153624
synth296,continuous,twin,,0.32925531857715234,0.5014266008482415,0.0,0.5799686190012732
synth297,continuous,twin,,0.06147719773064395,0.10604665723835986,0.0,0.11450052634982388
synth298,continuous,twin,,0.19532678912182327,0.19397071057758905,0.0,0.2923121444106178
synth299,continuous,twin,,0.10061197298712757,0.09059194716739896,0.0,0.14590794657082706
synth300,continuous,twin,,0.28989453833806156,0.11627431025495776,0.0,0.3480316934655404
synth301,continuous,twin,,0.3522580460959047,0.13007380348550246,0.0,0.41729494783865595
synth302,continuous,twin,,0.35571777759254347,0.07246222742636403,0.0,0.39194889130572547
synth303,continuous,twin,,0.2396276694054392,0.44436857899646154,0.0,0.46181195890367
synth304,continuous,twin,,0.23043973616092397,0.3084747996614057,0.0,0.3846771359916268
synth305,continuous,twin,,0.14670480577212383,0.2171246096046593,0.0,0.2552671105744535
synth306,continuous,twin,,0.5347063214552177,1.0,0.0,1.0347063214552177
synth307,continuous,twin,,0.6502762234541072,0.17610183154414663,0.0,0.7383271392261805
synth308,continuous,twin,,0.23060979863706066,0.2216269271940765,0.0,0.3414232622340989
synth309,continuous,twin,,0.15335564558213036,0.6734965993836544,0.0,0.4901039452739575
synth310,continuous,twin,,0.12405865164930172,0.2784282669750774,0.0,0.2632727851368404
synth311,continuous,twin,,0.08515624954280188,0.13752867218866016,0.0,0.15392058563713196
synth312,continuous,twin,,1.2911274095126575,1.0,0.0,1.7911274095126575
synth313,continuous,twin,,0.3545269294588573,0.08743578339135812,0.0,0.39824482115453635
synth314,continuous,twin,,0.14362598731638127,0.16896130537198084,0.0,0.22810664000237169
synth315,continuous,twin,,0.3139422414595837,0.31700914508169015,0.0,0.47244681400042876
synth316,continuous,twin,,0.10468492630730941,0.1840335797659343,0.0,0.19670171619027654
synth317,continuous,twin,,0.6536822010779804,0.18617034007747435,0.0,0.7467673711167175
synth318,continuous,twin,,0.44702780644929013,0.21789279578100829,0.0,0.5559742043397943
synth319,continuous,twin,,0.38181651153895263,0.10421868674610016,0.0,0.4339258549120027
synth320,continuous,twin,,0.4237176826546364,0.31895659560831163,0.0,0.5831959804587922
synth321,continuous,twin,,0.3784760925225213,0.3609800982475242,0.0,0.5589661416462834
synth322,continuous,twin,,0.2742852467178876,0.09065770920598909,0.0,0.3196141013208822
synth323,continuous,twin,,0.222483312562523,0.09658171395912368,0.0,0.27077416954208483
synth324,continuous,twin,,0.653222401214014,0.12368227078325225,0.0,0.7150635366056401
synth325,continuous,twin,,0.22231527754033562,0.06892460554754469,0.0,0.25677758031410797
synth326,continuous,twin,,0.3890127388032005,0.1685201113693955,0.0,0.4732727944878982
synth327,continuous,twin,,0.16253310919833577,0.20983966688794253,0.0,0.267452942642307
synth328,continuous,twin,,0.394513613715946,0.09197169728779896,0.0,0.4404994623598455
synth329,continuous,twin,,0.2791030517850094,0.14967581509669262,0.0,0.3539409593333557
synth330,continuous,twin,,0.37627653570676706,0.15301576197151634,0.0,0.4527844166925252
synth331,continuous,twin,,0.5555592691534469,0.28224865745250527,0.0,0.6966835978796995
synth332,continuous,twin,,0.7495778605491986,0.2603739145262704,0.0,0.8797648178123338
synth333,continuous,twin,,0.31394448099192396,0.3023076097236934,0.0,0.46509828585377067
synth334,continuous,twin,,0.35951266719079616,0.07808049971901261,0.0,0.3985529170503025
synth335,continuous,twin,,0.16535907341440018,0.20432843798054198,0.0,0.26752329240467115
synth336,continuous,twin,,0.3852129186309279,0.3041016456589783,0.0,0.537263741460417
synth337,continuous,twin,,0.18491520688689353,0.12291003582834019,0.0,0.24637022480106363
synth338,continuous,twin,,0.20956872038428057,0.1003063656599269,0.0,0.25972190321424404
synth339,continuous,twin,,0.0958640995325131,0.22407567429811912,0.0,0.20790193668157264
synth340,continuous,twin,,0.19356606659473657,0.2880967975419635,0.0,0.3376144653657183
synth341,continuous,twin,,0.32370938644666086,0.09814986819078447,0.0,0.3727843205420531
synth342,continuous,twin,,0.2844260429029253,0.2528073226055126,0.0,0.41082970420568155
synth343,continuous,twin,,0.2839446976406607,0.1098664617606368,0.0,0.3388779285209791
synth344,continuous,twin,,0.21607325157719448,0.17855321546957273,0.0,0.30534985931198083
synth345,continuous,twin,,0.2506009325873549,0.17983039766771264,0.0,0.3405161314212112
synth346,continuous,twin,,0.15683799489944442,0.09856934772565833,0.0,0.2061226687622736
synth347,continuous,twin,,0.21545169511521656,0.1788533857226051,0.0,0.3048783879765191
synth348,continuous,twin,,0.46353835259278686,0.13109569578680566,0.0,0.5290862004861897
synth349,continuous,twin,,0.07468235237959595,0.07510708510095966,0.0,0.11223589493007577
synth350,continuous,twin,,0.23962402192469703,0.2867614030977662,0.0,0.38300472347358017
synth351,continuous,twin,,1.6226726548787211,1.0,0.0,2.122672654878721
synth352,continuous,twin,,0.34703788797774865,0.13093409728789074,0.0,0.412504936621694
synth353,continuous,twin,,0.2854978748280054,0.13751664828574361,0.0,0.35425619897087723
synth354,continuous,twin,,0.2687042492622661,0.1441831879901754,0.0,0.3407958432573538
synth355,continuous,twin,,0.09334564845803266,0.19059732544687719,0.0,0.18864431118147124
synth356,continuous,twin,,0.09052417912224506,0.08691164093796569,0.0,0.13397999959122792
synth357,continuous,twin,,0.3556046987967413,0.20968824784321707,0.0,0.4604488227183498
synth358,continuous,twin,,0.2089082445772799,0.23086574698287632,0.0,0.32434111806871807
synth359,continuous,twin,,0.2974809786628587,0.43521865241773516,0.0,0.5150903048717264
synth360,continuous,twin,,0.2688201761158111,0.06737547951556866,0.0,0.30250791587359543
synth361,continuous,twin,,0.174777930723027,0.07252705986153092,0.0,0.21104146065379245
synth362,continuous,twin,,0.1992199340649005,0.08798172413371898,0.0,0.24321079613175997
synth363,continuous,twin,,0.0971325037129035,0.2120829315603584,0.0,0.2031739694930827
synth364,continuous,twin,,0.05525348730424135,0.09988511893687639,0.0,0.10519604677267955
synth365,continuous,twin,,0.3321716215471961,0.2582588934119908,0.0,0.4613010682531915
synth366,continuous,twin,,0.25360463610387407,0.08641438021589008,0.0,0.2968118262118191
synth367,continuous,twin,,1.210014888160516,0.34620867589143267,0.0,1.3831192261062322
synth368,continuous,twin,,0.22233373646463864,0.14491201374931723,0.0,0.29478974333929725
synth369,continuous,twin,,0.19275911313547137,0.11716376877999453,0.0,0.2513409975254686
synth370,continuous,twin,,0.6867920824635924,1.0,0.0,1.1867920824635925
synth371,continuous,twin,,0.1817255564738207,0.0963692865768013,0.0,0.22991019976222132
synth372,continuous,twin,,0.7533277640913771,0.3263895725073379,0.0,0.916522550345046
synth373,continuous,twin,,0.2272359152414365,0.16856798742947426,0.0,0.31151990895617365
synth374,continuous,twin,,0.08193666599873842,0.1466473439294934,0.0,0.15526033796348512
synth375,continuous,twin,,0.7557144859781639,0.9854897510632802,0.0,1.248459361509804
synth376,continuous,twin,,0.22006758079541727,0.2123799431436981,0.0,0.32625755236726633
synth377,continuous,twin,,0.2763694728865189,0.21000269373115996,0.0,0.3813708197520989
synth378,continuous,twin,,0.1359328703173598,0.13164173152598002,0.0,0.2017537360803498
synth379,continuous,twin,,0.2610579746176194,0.14252357284829967,0.0,0.33231976104176925
synth380,continuous,twin,,0.33708027579151534,0.09823302564466613,0.0,0.38619678861384843
synth381,continuous,twin,,0.15020567513147323,0.12698516931617698,0.0,0.21369825978956172
synth382,continuous,twin,,0.20831654666033517,0.497223542587674,0.0,0.45692831795417216
synth383,continuous,twin,,0.33450688470730905,0.11332881993767789,0.0,0.391171294676148
synth384,continuous,twin,,0.16611767702855965,0.11926748217246491,0.0,0.2257514181147921
synth385,continuous,twin,,0.3271196823857771,0.1367949713556522,0.0,0.3955171680636032
synth386,continuous,twin,,0.29612219805162454,0.2933987363707466,0.0,0.44282156623699787
synth387,continuous,twin,,0.3122872650214756,0.3107124535736029,0.0,0.467643491808277
synth388,continuous,twin,,0.3578346695397652,0.08918410710757596,0.0,0.4024267230935532
synth389,continuous,twin,,0.23976349815000578,0.13537312916557115,0.0,0.30745006273279135
synth390,continuous,twin,,0.3034050646941773,0.08056692401531441,0.0,0.3436885267018345
synth391,continuous,twin,,0.10927055656539837,0.18357133044148582,0.0,0.2010562217861413
synth392,continuous,twin,,0.41226820067398195,0.09653853161844392,0.0,0.46053746648320393
synth393,continuous,twin,,0.27067871613886246,0.1152130277445701,0.0,0.3282852300111475
synth394,continuous,twin,,0.30892332389117777,1.0,0.0,0.8089233238911777
synth395,continuous,twin,,0.08786219397681144,0.13372821725842704,0.0,0.15472630260602496
synth396,continuous,twin,,0.29963458291217615,0.21520589756830927,0.0,0.4072375316963308
synth397,continuous,twin,,0.3131837301290326,0.6519349829832055,0.0,0.6391512216206354
synth398,continuous,twin,,1.0174391143337862,0.6029934613156592,0.0,1.3189358449916158
synth399,continuous,twin,,0.05809356319918065,0.1365945673895311,0.0,0.1263908468939462
synth000,single,population,,1.227977788065177,0.3462644675424689,0.0009050205698526286,1.4011552728649042
synth001,single,population,,0.08648919434087098,0.3459831041883223,0.0015550205698526148,0.2595584974635247
synth002,single,population,,0.3706157716332573,0.34670412457186806,0.000751611478943541,0.5440054144931386
synth003,single,population,,0.20048934545200606,0.3322895368830195,0.00762547511530625,0.3670153876492811
synth004,single,population,,0.06896072877557584,0.34677058929335497,0.0005584296607617268,0.2423739449052914
synth005,single,population,,0.1252219181684301,0.34687820850459383,0.00028342966076173274,0.29867519390376507
synth006,single,population,,0.17049175148790377,0.3330065072271423,0.008302747842579323,0.3374101424936039
synth007,single,population,,0.05745191616162358,0.3469242630080437,0.00020615693348900705,0.23092435551231988
synth008,single,population,,0.2613912410551924,0.34681709188285026,0.0005050205698526371,0.4348250380251102
synth009,single,population,,0.14802787356111927,0.34657851624972735,0.0005527478425799088,0.321344769078112
synth010,single,population,,0.3136051153814143,0.345832253736946,0.002016384206216206,0.48662206146019804
synth011,single,population,,0.2413153948661289,0.3466593544256714,0.0006561569334889974,0.4146778799256391
synth012,single,population,,0.5847556788583141,0.3440004457218449,0.003425475115306835,0.7569271754750019
synth013,single,population,,0.093314366382682,0.34690626207358555,0.0002084296607617343,0.2667779189025129
synth014,single,population,,0.16920136319825232,0.3451830294607251,0.002997066024397829,0.3419427312298348
synth015,single,population,,0.10773415369550335,0.34659065616494744,0.0006334296607617252,0.2810611532610151
synth016,single,population,,0.11621352528349098,0.3463854608997531,0.0010220660243980806,0.2894573590345874
synth017,single,population,,1.0160282055852894,0.34678162871788715,0.0005311569334890002,1.1894455777909074
synth018,single,population,,0.1302692492702357,0.3253062943575595,0.009655020569852743,0.29340514747750807
synth019,single,population,,0.07890005753956408,0.3469242630080437,0.00020615693348900705,0.25237249689026037
synth020,single,population,,36.00559768630256,0.3468971936404474,0.00020956602439809791,36.179056761424
synth021,single,population,,0.12258972022456051,0.3462699359843808,0.0013379751153071648,0.2957915869725163
synth022,single,population,,0.06204248815383018,0.3469242630080437,0.00020615693348900705,0.23551492750452646
synth023,single,population,,0.09391931593641983,0.3468780514764667,0.00037206602439809444,0.2673769449758731
synth024,single,population,,0.26498224934640713,0.34657111974022725,0.0008732023880344475,0.43831146933592247
synth025,single,population,,0.12497920023745929,0.3331499169094313,0.007115247842578829,0.29190992108430386
synth026,single,population,,0.10253974657435455,0.34682209161665895,0.0003959296607617303,0.2759705888657221
synth027,single,population,,1.6850575026901777,0.2035490165119321,0.007308429660760634,1.7871974324291817
synth028,single,population,,4.442318202345842,0.27346140176520045,0.007112975115306101,4.579404551984207
synth029,single,population,,0.1955484215647749,0.3430076529575117,0.003165247842579614,0.3672105104356597
synth030,single,population,,0.11825937102379686,0.34682504083382726,0.0005743387516708174,0.29170060837829404
synth031,single,population,,0.11796372014991163,0.346709809344862,0.0004266114789435478,0.29133995539628976
synth032,single,population,,0.35959741805011525,0.3215348909821524,0.01014479329712572,0.5208721032060478
synth033,single,population,,1.6400344418613495,0.27912797618180196,0.012500000000001552,1.7802234299522506
synth034,single,population,,0.10862823068051823,0.34674643369714225,0.0007402478425799048,0.28203845992121834
synth035,single,population,,0.07800696747579797,0.34693271336104786,0.00021183875167082514,0.2514839160939054
synth036,single,population,,0.2404562229807888,0.3461786849520812,0.0013743387516708004,0.41361428239441295
synth037,single,population,,0.17857541080671605,0.3461866788635315,0.001208429660761713,0.35172917172151985
synth038,single,population,,0.38767487156375946,0.21122275307889615,0.011943656933490279,0.4938834309498821
synth039,single,population,,0.7579280326684303,0.09743775436363755,0.010210227272727872,0.8071574212138856
synth040,single,population,,0.2227354745246503,0.34568940996722186,0.0019197932971253158,0.3956761691731175
synth041,single,population,,3.5134735498615113,0.32881287431514444,0.00930956602439802,3.6783454653203034
synth042,single,population,,0.3528563467066664,0.34031909893948975,0.00567661147894275,0.5232997267503584
synth043,single,population,,0.9614595419729082,0.3455870968365787,0.0016288842062162495,1.1343345346015083
synth044,single,population,,0.10024937043430411,0.3469242630080437,0.00020615693348900705,0.2737218097850004
synth045,single,population,,0.10801846306005118,0.3469242630080437,0.00020615693348900705,0.2814909024107475
synth046,single,population,,0.30322224177020074,0.3469103253887474,0.00025388420621627876,0.4766900986748852
synth047,single,population,,0.035585489655496225,0.3469242630080437,0.00020615693348900705,0.20905792900619252
synth048,single,population,,0.18314740294285214,0.34472138109461964,0.0032061569334886964,0.3556684013368364
synth049,single,population,,0.1778638851055329,0.3447478698773309,0.0023482023880343214,0.35035523016360004
synth050,single,population,,2.5124783193203992,0.3468505647685837,0.00043002056985263863,2.685925102733184
synth051,single,population,,0.4739319682882741,0.11529427690907845,0.012500000000001552,0.5322041067428134
synth052,single,population,,0.17119423259893995,0.21971278176590975,0.011824338751672036,0.28164184041947843
synth053,single,population,,0.1080467915922967,0.3469242630080437,0.00020615693348900705,0.28151923094299297
synth054,single,population,,0.036261947738904406,0.3469242630080437,0.00020615693348900705,0.20973438708960068
synth055,single,population,,0.08863746810450536,0.3469254974090636,0.00024138420621627903,0.262112286019348
synth056,single,population,,0.05517200822862847,0.3469266752817102,0.00023229329712537013,0.22864696053433983
synth057,single,population,,0.32251798948321275,0.3461900512298541,0.00088342966076172,0.4956571865811779
synth058,single,population,,0.06869270136645812,0.3469236202345317,0.00021524784257991595,0.24216527387585296
synth059,single,population,,0.08690506862876198,0.3467944030689648,0.0005834296607617263,0.26033144164628247
synth060,single,population,,0.07287167719746553,0.3469242630080437,0.00020615693348900705,0.2463441165481618
synth061,single,population,,0.3462603751601157,0.2745153266759822,0.012365247842581402,0.4841363008902359
synth062,single,population,,0.0596845524323411,0.34687616374200003,0.00026297511530718766,0.23313578305910648
synth063,single,population,,0.146774328174589,0.3469221747441317,0.00023115693348900652,0.32024697339332925
synth064,single,population,,0.10295265919926974,0.3462979652931205,0.0014379751153071627,0.2761735406015953
synth065,single,population,,0.11147750511376063,0.3469242630080437,0.00020615693348900705,0.28494994446445693
synth066,single,population,,0.10105012565175811,0.34055004474537903,0.005008429660761065,0.2715755695074857
synth067,single,population,,0.16758425770662608,0.34691458885057047,0.0002186569334890068,0.3410524849785858
synth068,single,population,,0.09536836875854096,0.3443762813033944,0.0035845660243977117,0.26773573771145803
synth069,single,population,,0.5435654718186699,0.2548922492448187,0.007089111478942469,0.6713660520150263
synth070,single,population,,0.8849129264416118,0.34336580197093425,0.003808429660761304,1.0567862489101172
synth071,single,population,,0.23166027844272233,0.2280049041169377,0.0116857023880356,0.34624701562059296
synth072,single,population,,0.18152092926440305,0.3408883193754449,0.005155020569851945,0.3522228399806181
synth073,single,population,,0.17480490042133007,0.34692244263461225,0.00022433875167082485,0.34827733867621974
synth074,single,population,,0.07121672952265475,0.3468967115830423,0.0002163842062162796,0.24467590452448673
synth075,single,population,,0.08086268128137308,0.3467724194077759,0.00024706602439809715,0.25426124428648095
synth076,single,population,,0.17733285374832836,0.3468297974448101,0.00026297511530718766,0.3507609012264988
synth077,single,population,,1.662212430170167,0.30352201179288485,0.00639592966076079,1.8142932325496477
synth078,single,population,,0.23843418210494685,0.34242161921200387,0.0037197932971249578,0.40983098137580504
synth079,single,population,,0.12914420134214422,0.34692550186360493,0.00023229329712537013,0.30261856693880296
synth080,single,population,,0.04340667611481613,0.3469242630080437,0.00020615693348900705,0.21687911546551242
synth081,single,population,,0.14716256670905917,0.34618278459036117,0.001492520569852616,0.32032858503273237
synth082,single,population,,0.42871889925964074,0.3464335602909848,0.0013232023880344378,0.6020018395245349
synth083,single,population,,0.16073172024724713,0.3446786973167006,0.0017504751153071562,0.33315859266136283
synth084,single,population,,0.18164265053127301,0.34242979614240276,0.004469793297124809,0.35308103826733067
synth085,single,population,,0.2651830921113502,0.31860017199736207,0.0103868387516713,0.4250025200476148
synth086,single,population,,0.08865717028425786,0.34627393541669504,0.0007879751153071765,0.26183353674837073
synth087,single,population,,0.169034490272586,0.34479747333467264,0.0029470660243978387,0.3415805802411422
synth088,single,population,,0.4099945827867626,0.14152902881817475,0.012500000000001552,0.48138409719585007
synth089,single,population,,1.0041565019732592,0.14576079312984344,0.004346879891376048,1.0772542425327496
synth090,single,population,,0.13384195039122632,0.3469201412946865,0.00024024784257991542,0.3073140334306986
synth091,single,population,,0.05504276169296635,0.3469242630080437,0.00020615693348900705,0.22851520104366263
synth092,single,population,,0.24050232920129802,0.34674949772964403,0.0006743387516708152,0.4139107950037036
synth093,single,population,,0.1493702382193172,0.2792709370918676,0.011182293297126252,0.2895648214301073
synth094,single,population,,0.2628291124073076,0.34497861627210497,0.0027379751153069716,0.43545531929912545
synth095,single,population,,0.32902597311681936,0.34691116708854525,0.0003277478425799136,0.5024979440532209
synth096,single,population,,0.14562177600559353,0.19211341540970975,0.011916384206217536,0.2422743029207593
synth097,single,population,,0.19615225358734176,0.3168396158064283,0.009935702388034704,0.3550688466099576
synth098,single,population,,0.28781468809439814,0.2946546134018141,0.009690247842580034,0.4356265071874342
synth099,single,population,,0.24980620925006655,0.2854774806379138,0.010339111478944002,0.3930619051429706
synth100,single,population,,0.09735372119006591,0.3469228175176437,0.00022206602439809762,0.2708262332501077
synth101,single,population,,0.2905555359970367,0.3459432857426804,0.0018459296607616943,0.463619475351415
synth102,single,population,,0.29323701759344545,0.346664262528974,0.0008857023880344472,0.4666134339773342
synth103,single,population,,0.3239420580875515,0.22550832322178216,0.010166384206216642,0.43720453890875344
synth104,single,population,,0.16329988518042976,0.3469168531484982,0.00025956602439809685,0.33677129005589873
synth105,single,population,,0.13929813152289008,0.3394162655283972,0.005959566024397239,0.3093042425883085
synth106,single,population,,0.12488443155183876,0.34578857700605814,0.0013027478425798927,0.2978438574469968
synth107,single,population,,0.14893701901345616,0.3466969480758847,0.000753884206216268,0.32232318726170933
synth108,single,population,,0.5772402859701834,0.34586261897844145,0.0021516114789434516,0.7502791760333514
synth109,single,population,,0.10307860441555432,0.34678910390697015,0.0005584296607617268,0.2765010778520775
synth110,single,population,,0.0769181352065226,0.3469197687298382,0.00023797511530718822,0.25038991832720703
synth111,single,population,,0.3082905625612143,0.34672712499369973,0.00038456602439809414,0.4816733533592841
synth112,single,population,,3.6258033524512476,0.34691266357549755,0.00022320238803446123,3.7992708443583982
synth113,single,population,,0.3007498458161748,0.3451137133405953,0.00247433875167066,0.47343041942405595
synth114,single,population,,0.4135334079251991,0.34690481658318606,0.00022433875167082485,0.5869970331543757
synth115,single,population,,0.15475236124560587,0.3345855162553356,0.006587975115306205,0.322374518129039
synth116,single,population,,0.598238386933478,0.21014132861278095,0.008906156933488724,0.7037543590865428
synth117,single,population,,0.11305455261308954,0.34690203210211984,0.00029706602439809603,0.28652042196536937
synth118,single,population,,0.07103300983200274,0.3469242630080437,0.00020615693348900705,0.244505449182699
synth119,single,population,,1.8695097436674035,0.30147880365887064,0.007218656933487898,2.020610078343513
synth120,single,population,,0.473378759910804,0.28284761517800233,0.008134566024397421,0.6152092958010251
synth121,single,population,,0.13171533508057184,0.34691523631898713,0.000235702388034461,0.30518473835946713
synth122,single,population,,0.3612861351715431,0.3384222106265325,0.006675475115306188,0.5308310142405747
synth123,single,population,,17.770530195105483,0.332729134198264,0.004705020569852034,17.93713001323311
synth124,single,population,,0.45779365902747726,0.3327443836157819,0.006349338751669889,0.6244833177729517
synth125,single,population,,0.2432529128841848,0.34315737512212846,0.003448202388034103,0.41500401056465075
synth126,single,population,,6.672204478861933,0.34671295893049325,0.0005266114789435457,6.845587288901126
synth127,single,population,,0.12626142089850978,0.34689957190009585,0.00030502056985264134,0.2997264578770503
synth128,single,population,,0.2901915720634676,0.3360633789851353,0.005847066024397262,0.45851561485725506
synth129,single,population,,0.20806919528554382,0.3405651462036042,0.004144793297124873,0.37855900805220216
synth130,single,population,,0.336868733899928,0.3437306310136236,0.003694793297124963,0.508918789071596
synth131,single,population,,0.13364739167204887,0.34682443866639895,0.0003425205698526405,0.307076737033741
synth132,single,population,,2.8385065948156774,0.3408573933524473,0.0033038842062159497,3.009100485702212
synth133,single,population,,0.043263165456569996,0.34691153956276466,0.00023002056985264293,0.21673043626644495
synth134,single,population,,0.09332067501784998,0.3469242630080437,0.00020615693348900705,0.26679311436854625
synth135,single,population,,0.14718707890300062,0.34538525295473277,0.002097066024398008,0.31998455868158693
synth136,single,population,,0.7771663255707563,0.30460507995247116,0.00676638420621526,0.9298071847573026
synth137,single,population,,1.8704247000960226,0.1963910349691384,0.012391384206217779,1.9692397867909026
synth138,single,population,,0.4992261771679691,0.34544290965310653,0.0022834296607616073,0.6720618034775604
synth139,single,population,,0.06429587829662071,0.3469242630080437,0.00020615693348900705,0.23776831764731698
synth140,single,population,,0.537061676193409,0.2811466220010895,0.009055020569852437,0.6780877382224464
synth141,single,population,,0.7080985288447788,0.346477758894826,0.000540247842579909,0.8813644206843207
synth142,single,population,,0.13332948132199726,0.3468832851360454,0.00039024784257991223,0.3067906362821489
synth143,single,population,,0.2422844824887257,0.3415248842857668,0.003686838751670419,0.4132312665691926
synth144,single,population,,0.14257225321177228,0.34557287640957773,0.0021266114789434565,0.3154650219905083
synth145,single,population,,1.0354390336899395,0.1297468273784542,0.005317334436830524,1.1005783141010081
synth146,single,population,,0.22780374490905642,0.33944211335501234,0.005590247842579131,0.39780431397869154
synth147,single,population,,0.05478324458323518,0.34620893634204564,0.001167520569852623,0.22794608878275063
synth148,single,population,,0.07656225736918099,0.3469242630080437,0.00020615693348900705,0.25003469671987727
synth149,single,population,,0.5836771102860757,0.346902722449727,0.0002732023880344602,0.7571421316303409
synth150,single,population,,0.1259921558326414,0.3464490029001845,0.0009232023880344463,0.29926281740213534
synth151,single,population,,0.1415042874001945,0.3469242630080437,0.00020615693348900705,0.3149767267508908
synth152,single,population,,0.20407067426441394,0.3343623438851872,0.007919793297124582,0.3716478358718638
synth153,single,population,,0.1781126826988602,0.18975491416354623,0.01213797511530856,0.2735970385363987
synth154,single,population,,0.19980843068981247,0.27184866411847486,0.011472066024399128,0.33630636605026987
synth155,single,population,,0.10675872126384693,0.3466076055716842,0.0010436569334889892,0.2801147068963635
synth156,single,population,,0.06747749683841976,0.3469242630080437,0.00020615693348900705,0.24094993618911603
synth157,single,population,,0.2597312997543233,0.34676982942623097,0.0004618387516708198,0.4331393064050223
synth158,single,population,,0.09161466286821425,0.3468004983096224,0.00029252056985264163,0.2650295380515181
synth159,single,population,,0.1401880264179004,0.3468383226296604,0.00033797511530718607,0.313624086488496
synth160,single,population,,0.13508696861503247,0.34382960845437865,0.003381156933488662,0.3071708306888962
synth161,single,population,,2.82931358893228,0.3382280642270936,0.004537975115306613,2.998654519801592
synth162,single,population,,0.06471964370266393,0.3469242630080437,0.00020615693348900705,0.2381920830533602
synth163,single,population,,0.17245972621423517,0.3415169696729115,0.004385702388033917,0.3434374961700926
synth164,single,population,,0.1742140870588616,0.3468907270908895,0.00023456602439809738,0.3476711789055263
synth165,single,population,,1.6311162839065707,0.2126869982285275,0.007000475115306123,1.7378098067765997
synth166,single,population,,0.25202124501547185,0.24517492709994668,0.011322066024399051,0.3751748118666652
synth167,single,population,,1.197455181496609,0.16792869422215395,0.00510142534592151,1.2816745998749821
synth168,single,population,,0.18464321395947983,0.3460991237842408,0.0015675205698526145,0.35777115188009284
synth169,single,population,,0.14661664333779345,0.34337303193858854,0.004644793297124774,0.318535398971944
synth170,single,population,,0.26783974393251925,0.3462461417867841,0.0009811569334889905,0.44101187267258574
synth171,single,population,,0.19625395815893976,0.34691698719614295,0.00025615693348900604,0.3697252596036857
synth172,single,population,,0.07481578235889676,0.34682719721453364,0.00033002056985264076,0.24824588199465622
synth173,single,population,,0.16732774226423258,0.3463586677252043,0.0013163842062162562,0.3405728953371455
synth174,single,population,,0.14484258177702403,0.3466105513442763,0.0009118387516708102,0.3181934493867457
synth175,single,population,,0.07467304536524447,0.3468868695267161,0.0003220660243980955,0.24813258342982242
synth176,single,population,,0.22018096243143176,0.3438767505859594,0.0037061569334885967,0.39230464557108585
synth177,single,population,,0.08353694988771602,0.34684775041755,0.00023342966076173374,0.25697249657952914
synth178,single,population,,0.2771332015664455,0.3225740410118126,0.00936070238803441,0.4388882571917535
synth179,single,population,,0.14624560748546056,0.346899842565757,0.0002493387516708243,0.3197079957059226
synth180,single,population,,0.1845537961071441,0.34625662969239035,0.0008084296607617214,0.3577225324363773
synth181,single,population,,0.14251835670032975,0.3469242630080437,0.00020615693348900705,0.31599079605102603
synth182,single,population,,0.15418886031508108,0.3469016232551742,0.00024365693348900628,0.3276518547893426
synth183,single,population,,0.11348074702236807,0.3469242630080437,0.00020615693348900705,0.28695318637306433
synth184,single,population,,0.21774511250582432,0.34655958930560116,0.0010572932971253525,0.3910777718234812
synth185,single,population,,0.04931406536388384,0.3465094673711615,0.0011197932971253512,0.22262478871432084
synth186,single,population,,0.10113098489675244,0.3469295578988648,0.0002277478425799157,0.2746071512383138
synth187,single,population,,0.10221819536522708,0.3468468856660392,0.0002675205698526421,0.2756550142267393
synth188,single,population,,0.12972948861397063,0.3464945650672865,0.0008607023880344476,0.30301980626701563
synth189,single,population,,0.48705255415788523,0.09938677199998125,0.012500000000001574,0.5373709401578759
synth190,single,population,,0.6615116549612096,0.24623244221235463,0.012097066024399448,0.7852327293686068
synth191,single,population,,0.051846873855390496,0.3469242630080437,0.00020615693348900705,0.22531931320608678
synth192,single,population,,0.054956920296060044,0.3469242630080437,0.00020615693348900705,0.2284293596467563
synth193,single,population,,0.7447344109895592,0.33783599929146574,0.004995929660761068,0.91390220711833
synth194,single,population,,1.372185876514268,0.34681220827824033,0.00044138420621627476,1.545614049863699
synth195,single,population,,0.129662690099523,0.3463974855587377,0.0011266114789435329,0.30291776345283905
synth196,single,population,,0.2755498765141259,0.3468679436664393,0.0003868387516708214,0.449003190284929
synth197,single,population,,0.5804059464001018,0.34293826511742603,0.004615247842579325,0.7521058413509437
synth198,single,population,,0.14121169380084428,0.33822918090218906,0.005823202388033631,0.3106174443713405
synth199,single,population,,2.575709913230658,0.33711290864127025,0.007576611478942588,2.74464519812524
synth200,single,population,,1.1378062361010393,0.3068043850864312,0.010992520569853427,1.2917580546727476
synth201,single,population,,0.11050179289564767,0.34687150400076094,0.0003129751153071866,0.2839531936517935
synth202,single,population,,0.09049501083147798,0.3466044723006766,0.0006902478425799059,0.26383175937394526
synth203,single,population,,0.07013028540981416,0.3469242630080437,0.00020615693348900705,0.24360272476051043
synth204,single,population,,0.23740231289970282,0.3354337123024834,0.00669592966076073,0.40545396553398255
synth205,single,population,,0.10991774931156105,0.34622487803930996,0.0013322932971253467,0.28309680299607226
synth206,single,population,,0.2257198193637264,0.2639565514042131,0.009297066024398015,0.35816294836705287
synth207,single,population,,0.2956717966606993,0.3273371876495451,0.007374338751669758,0.4597091074230554
synth208,single,population,,0.11288877278015726,0.3386162520210361,0.005553884206215502,0.2824745930009861
synth209,single,population,,0.06400193414660006,0.3469242630080437,0.00020615693348900705,0.23747437349729633
synth210,single,population,,0.1947563217644477,0.34647804026269663,0.0009197932971253556,0.3680413315606523
synth211,single,population,,0.13596010266125882,0.34658069871661545,0.0012107023880344402,0.3093109871389683
synth212,single,population,,0.2388059798521286,0.18465624682990625,0.012303884206217735,0.33174929747739257
synth213,single,population,,3.1288774549029967,0.34685359548782296,0.0003095660243980958,3.302319730948128
synth214,single,population,,0.15348248489837735,0.3469091338797354,0.00027206602439809656,0.326950655139465
synth215,single,population,,0.09288523977889132,0.3425552813426853,0.003878884206215835,0.2643568246605447
synth216,single,population,,0.11176140074172343,0.3467435688754593,0.0006084296607617258,0.2851636066624912
synth217,single,population,,0.06426719684544553,0.3465711955188401,0.00033570238803445885,0.2375695797242673
synth218,single,population,,0.18460021702918553,0.3458219133040459,0.0010334296607617166,0.3575628451642465
synth219,single,population,,0.2080477154123262,0.34579314518960236,0.0016345660243980674,0.38102601630834726
synth220,single,population,,0.26872271132659864,0.11857929777322929,0.012390247842581414,0.3286318726053424
synth221,single,population,,0.31913444407834624,0.26618092366584195,0.010117520569852979,0.45273078193975985
synth222,single,population,,0.08220577588961123,0.34624038530226875,0.0008527478425799024,0.25536860593287464
synth223,single,population,,0.5244149697544968,0.3469176892841094,0.000235702388034461,0.6978855995159532
synth224,single,population,,0.10053320592745303,0.34690873825979496,0.00029592966076173244,0.2740023715403886
synth225,single,population,,0.1441053018733992,0.34682839185978004,0.00029024784257991436,0.31753401019541827
synth226,single,population,,0.07396198383491777,0.34693255259948935,0.0002186569334890068,0.2474391929813369
synth227,single,population,,3.237856368205483,0.24223915878696123,0.007189111478942449,3.3593354031729104
synth228,single,population,,0.11397113528157765,0.344673023466003,0.0029482023880342025,0.28645505713398084
synth229,single,population,,0.369337369547491,0.3445654862364416,0.0030459296607614557,0.5417724091487499
synth230,single,population,,0.06988777181209126,0.34692420942085733,0.0002084296607617343,0.24336029800555803
synth231,single,population,,0.06093216011620907,0.3469242630080437,0.00020615693348900705,0.23440459946690534
synth232,single,population,,0.12032175266034485,0.3452003618186458,0.0025243387516706503,0.29304815050725125
synth233,single,population,,0.08112630339158136,0.34629088426057536,0.0006641114789435428,0.25430495109581625
synth234,single,population,,0.16032748358181503,0.346822311752477,0.0004822932971253648,0.3337627541229098
synth235,single,population,,0.36446035436962937,0.3332480958872295,0.006684566024397096,0.531418630614464
synth236,single,population,,0.05869353999991566,0.3458595560857157,0.001076611478943534,0.2316771486167207
synth237,single,population,,0.14511177443034237,0.3463847943015244,0.0007902478425799037,0.3183436839732336
synth238,single,population,,0.24390822666836018,0.34691132635037847,0.00023456602439809738,0.41737561814476937
synth239,single,population,,0.0317133721385902,0.3469242630080437,0.00020615693348900705,0.2051858114892865
synth240,single,population,,0.12317283609778461,0.3458992601288194,0.0017436569334889744,0.29620964900886876
synth241,single,population,,0.19342746248656895,0.3467079829000577,0.0006402478425799069,0.3668134663287268
synth242,single,population,,0.18849712327260496,0.3460070130662947,0.0011436569334889871,0.36155781265242676
synth243,single,population,,1.0220882273929637,0.3412377286934567,0.005328884206215547,1.1929735359500029
synth244,single,population,,0.24094049063611442,0.1316640879983943,0.01131278898228622,0.3073381740844259
synth245,single,population,,0.521066291573588,0.3457914129043842,0.0019504751153071281,0.6940595217815454
synth246,single,population,,0.7284289382173198,0.12014246576908678,0.010547066024398786,0.7890275244030831
synth247,single,population,,2.5313842901215717,0.3006890808128354,0.012468656933490547,2.682352263374664
synth248,single,population,,0.15423759870924633,0.34270545258492,0.0043334296607612,0.3258069964847444
synth249,single,population,,0.12753695192362924,0.34506942943741337,0.0029482023880342025,0.30021907676173765
synth250,single,population,,0.09431076622245636,0.34688015489769114,0.0002675205698526421,0.2677642196997945
synth251,single,population,,1.4172768403635387,0.27054568345267904,0.012162975115308571,1.5531578308456437
synth252,single,population,,0.19156611713155522,0.34291783143737603,0.004172066024397595,0.3632336361514631
synth253,single,population,,0.4206141609116213,0.24036439498805007,0.010189111478943925,0.5413058139795935
synth254,single,population,,0.031560530064201724,0.3469242630080437,0.00020615693348900705,0.20503296941489801
synth255,single,population,,4.012391076018599,0.34662951707406287,0.0008345660243980846,4.18574756285685
synth256,single,population,,0.0779815534565949,0.3469229246920195,0.0002175205698526432,0.2514538918310973
synth257,single,population,,0.4010137912131013,0.33877558192932056,0.0058311569334881744,0.570693140024436
synth258,single,population,,0.11436880178811072,0.3469049237575611,0.00021979329712537042,0.2878322533317475
synth259,single,population,,0.2283620242959705,0.3189321430793972,0.010686838751671453,0.3883624377732527
synth260,single,population,,0.16297950005846065,0.3469242094208573,0.0002084296607617343,0.3364520262519274
synth261,single,population,,4.187382915397885,0.346626357641752,0.0005357023880344546,4.360722879338162
synth262,single,population,,0.4508077364893116,0.01819003922727264,0.00949545454545508,0.4603775288302207
synth263,single,population,,0.22658456181949008,0.3185055896724873,0.009733429660761874,0.3863240281387718
synth264,single,population,,0.31482470635683274,0.33885785612295277,0.004722066024397486,0.484489737719529
synth265,single,population,,0.782020274171463,0.21176458004836096,0.0075095660243971,0.8882780424968634
synth266,single,population,,0.14142950992226053,0.3469242630080437,0.00020615693348900705,0.3149019492729568
synth267,single,population,,0.10445262969193037,0.34690202114757746,0.0003107023880344594,0.27791917538512084
synth268,single,population,,0.5582842182994249,0.3455492082894105,0.001902747842579865,0.7311539598362591
synth269,single,population,,0.09481773969204539,0.3469331954184545,0.00020502056985264344,0.2682945884297653
synth270,single,population,,0.3689075559696463,0.19144624006426525,0.01151297511530824,0.46520632475754436
synth271,single,population,,0.06466484970112336,0.3469242630080437,0.00020615693348900705,0.23813728905181963
synth272,single,population,,0.24300079824105048,0.33067115815675663,0.008586838751670378,0.4087657192570123
synth273,single,population,,0.31496167626436494,0.2339279579869913,0.01248342966076328,0.43254982674089876
synth274,single,population,,0.2005023246052091,0.34662974935023977,0.000868656933488993,0.37386063212700343
synth275,single,population,,0.25444121875992726,0.3457728255328412,0.001531156933488979,0.4274041893730223
synth276,single,population,,0.133008197273536,0.34249326092529186,0.0038220660243976647,0.30444593103740186
synth277,single,population,,0.04739819859945002,0.34688137792417356,0.0002732023880344602,0.2208525476809385
synth278,single,population,,0.1909343301490122,0.34217140572416066,0.004368656933488465,0.362238465857767
synth279,single,population,,0.0844950973229624,0.3468539184636655,0.0004175205698526389,0.2579429325832878
synth280,single,population,,0.17250371525595176,0.33713760829156103,0.007345929660760653,0.3414398158847703
synth281,single,population,,0.19379873298982606,0.3442584269390974,0.0029720660243978342,0.36607654976059467
synth282,single,population,,0.2521356544411915,0.3456042279893447,0.0015038842062162522,0.42501296264617466
synth283,single,population,,0.05940195972946352,0.34679475809952476,0.0005788842062162718,0.23282828298953673
synth284,single,population,,0.11799924068522105,0.3469331954184545,0.00020502056985264344,0.2914760894229409
synth285,single,population,,0.40690136339016064,0.3468490077756007,0.0003493387516708222,0.5803433342155445
synth286,single,population,,5.100526968968204,0.3468806968346694,0.00026070238803446044,5.27398035250494
synth287,single,population,,0.04266934252056729,0.3469242630080437,0.00020615693348900705,0.21614178187126357
synth288,single,population,,0.12952607077277736,0.3016888405192275,0.010397066024398577,0.28089034433361104
synth289,single,population,,0.09363226236476375,0.34602573668945424,0.0016084296607617044,0.26672555219252897
synth290,single,population,,0.057709357580241184,0.3469242630080437,0.00020615693348900705,0.23118179693093746
synth291,single,population,,0.14249020097320972,0.19789450694052246,0.012090247842581262,0.2420419668356
synth292,single,population,,0.10984643454548021,0.316383195910265,0.009485702388034475,0.26851231762001443
synth293,single,population,,0.18417991606234588,0.29230963290010614,0.010083429660762052,0.3308389039954371
synth294,single,population,,0.0673255886232036,0.3469042818476876,0.00022433875167082485,0.24078894648463095
synth295,single,population,,0.14649086074011106,0.34554438503244306,0.001178884206216259,0.3193219974666434
synth296,single,population,,0.44039133410430653,0.34371606431003016,0.003734566024397682,0.6124360945605415
synth297,single,population,,0.033728037653626,0.3469242630080437,0.00020615693348900705,0.2072004770043223
synth298,single,population,,0.1398120100597934,0.34691805439441636,0.00025615693348900604,0.313283845103676
synth299,single,population,,0.045872372915527086,0.34692404870475263,0.00021070238803446153,0.21934493238730512
synth300,single,population,,0.15349275975848034,0.3441422915811214,0.0033084296607614034,0.3257293270320791
synth301,single,population,,0.2359198599023867,0.34590688209571063,0.0019902478425798476,0.408972813342371
synth302,single,population,,0.13407371943378021,0.3464489581410508,0.0011720660243980773,0.30735680180552555
synth303,single,population,,1.2665076662855073,0.11163532590908823,0.012500000000001552,1.3229503292400515
synth304,single,population,,0.40958842616219515,0.14234318635549023,0.01185842966076296,0.4813529408229784
synth305,single,population,,0.12493200740601663,0.33618779471758636,0.007028884206215209,0.2933773489751206
synth306,single,population,,1.159212551383456,0.34154939790324673,0.004903884206215631,1.3302324445453901
synth307,single,population,,0.49308956942744925,0.34617264750686055,0.0014220660243980721,0.6662469964820995
synth308,single,population,,0.16883378266201907,0.34556405341921753,0.0022607023880343393,0.3417288444910295
synth309,single,population,,0.7584673458609945,0.14020489935566716,0.0120822932971268,0.8291739102036844
synth310,single,population,,0.12411806468153654,0.3029139829290514,0.009639111478943644,0.27605701172000946
synth311,single,population,,0.04951758300812824,0.3457743665077734,0.0013800205698526185,0.22247376729050758
synth312,single,population,,1.9516897138470426,0.33198168131565425,0.004557293297124791,2.117908419169726
synth313,single,population,,0.18579190916491603,0.3467525576231077,0.0005879751153071808,0.35919758673223523
synth314,single,population,,0.09036909009701116,0.3469117454700524,0.00027888420621627823,0.2638389070423482
synth315,single,population,,0.32266779385255545,0.3146314022326084,0.009586838751670889,0.48046283690644315
synth316,single,population,,0.0770269579033935,0.3458922046790014,0.0018845660243980503,0.2500672885441141
synth317,single,population,,0.433375017696372,0.3360993933795078,0.007225475115306079,0.6017859881418912
synth318,single,population,,0.3366291896338597,0.3457175129985701,0.0017720660243980648,0.5095765494343647
synth319,single,population,,0.17862241483113425,0.3454664599677513,0.0017197932971253385,0.3514416344798662
synth320,single,population,,0.5895598625381192,0.19355440534305773,0.010911838751671569,0.6868826571472317
synth321,single,population,,0.3945515268909074,0.3453262187059499,0.0026629751153069863,0.5673477849996477
synth322,single,population,,0.11902822657056839,0.3461048156691653,0.0018425205698526042,0.29217276043364365
synth323,single,population,,0.10107957945833913,0.3465853173875141,0.0008288842062162665,0.274413682362407
synth324,single,population,,0.3226398280889698,0.3443594718074947,0.0031891114789432454,0.4949790195666643
synth325,single,population,,0.10098312146940436,0.3469139478174229,0.0002493387516708243,0.27445256231569937
synth326,single,population,,0.284851826164588,0.3467604720978747,0.00029252056985264163,0.4582466882420179
synth327,single,population,,0.11157075710950692,0.3468790674830446,0.0003016114789435505,0.2850253714249764
synth328,single,population,,0.2204814482359043,0.3468928406552301,0.0003038842062162777,0.3939430627738302
synth329,single,population,,0.18618471393299088,0.34683581626365123,0.000569793297125363,0.35963111172967277
synth330,single,population,,0.2400327135964634,0.3462902560668572,0.0014038842062162544,0.4132480358402028
synth331,single,population,,0.6000539111516278,0.21299304305602104,0.008353884206215714,0.706968126889949
synth332,single,population,,0.6677813438680188,0.3467532174412349,0.0004868387516708193,0.8411822945262197
synth333,single,population,,0.2960211217848264,0.3312419865034197,0.006300475115306263,0.4619571387923016
synth334,single,population,,0.1455319499211815,0.3469100416215407,0.00024365693348900628,0.3189991535786263
synth335,single,population,,0.1326753700417843,0.3240341969402211,0.008491384206215783,0.2951170377222057
synth336,single,population,,0.3488593324752734,0.34659794170420133,0.0005732023880344538,0.5221869634467757
synth337,single,population,,0.1067157925267896,0.34692378095063703,0.00021297511530718872,0.28018833175787344
synth338,single,population,,0.09894531367425467,0.3469331418312678,0.0002072932971253707,0.27242224925474484
synth339,single,population,,0.07137884723887404,0.3469331954184545,0.00020502056985264344,0.24485569597659393
synth340,single,population,,0.17049500890159228,0.34645766859051946,0.0012845660243980751,0.3437880714980719
synth341,single,population,,0.15112271167610808,0.3464943820795808,0.0009470660243980822,0.3244172560171184
synth342,single,population,,0.2529185198088071,0.30366735354654106,0.010140247842580264,0.40525920897420664
synth343,single,population,,0.14828030768430422,0.34691651141146584,0.00024479329712536987,0.3217508030548934
synth344,single,population,,0.1519553650840528,0.3469242630080437,0.00020615693348900705,0.32542780443474906
synth345,single,population,,0.15173266461417598,0.3464445303176592,0.0011402478425798963,0.32501194216513457
synth346,single,population,,0.07958948347401294,0.34595677241778106,0.0018402478425798775,0.2526598820750324
synth347,single,population,,0.1382301558241789,0.3462672743188724,0.0014357023880344354,0.3114355781030168
synth348,single,population,,0.27621252711330313,0.3350137318192864,0.007219793297124262,0.44408038268780253
synth349,single,population,,0.035363256410620075,0.3469331954184545,0.00020502056985264344,0.20884010514833998
synth350,single,population,,0.20961834562869003,0.3464244636237002,0.001091384206216261,0.382885146650851
synth351,single,population,,4.302468209342334,0.3468370549759691,0.00036865693348900363,4.475905169676993
synth352,single,population,,0.22072380591763016,0.34681010198941115,0.00046979329712536504,0.394152346577192
synth353,single,population,,0.1710615428779369,0.3416173729450103,0.004862975115306549,0.3421133781062074
synth354,single,population,,0.14367592798263268,0.34594179256782204,0.0017811569334889733,0.3167358821132181
synth355,single,population,,0.06541418756558134,0.3469298768765297,0.00023229329712537013,0.23889074066870247
synth356,single,population,,0.05221407054419074,0.345486211616368,0.0013016114789435292,0.2250222569263219
synth357,single,population,,0.24796703244577534,0.34572705131371684,0.0015663842062162508,0.4209088773129446
synth358,single,population,,0.154460409473231,0.3465861225302466,0.0006572932971253611,0.32778633540321056
synth359,single,population,,0.5345501654149041,0.2540934911818167,0.012500000000001552,0.6622219110058125
synth360,single,population,,0.08460269056246762,0.3466823904763047,0.0005163842062162732,0.2579697050109308
synth361,single,population,,0.07015572431181039,0.34655593400051893,0.00032888420621627717,0.24345013552238065
synth362,single,population,,0.07920080068118203,0.34575479468859704,0.0015743387516707961,0.2521569149630641
synth363,single,population,,0.06985874362380855,0.34636058043718554,0.0009732023880344453,0.24308769396180305
synth364,single,population,,0.0367311384597867,0.3469242630080437,0.00020615693348900705,0.210203577810483
synth365,single,population,,0.2882624772782835,0.34571603481175245,0.0021425205698525447,0.46122762071265233
synth366,single,population,,0.10321496016000842,0.3441658245707632,0.0024822932971252038,0.2754219871102463
synth367,single,population,,1.3403208331787904,0.24149967307284473,0.006962975115306131,1.461418818470978
synth368,single,population,,0.13412684896382082,0.34685938187962284,0.0004266114789435478,0.3075778704775794
synth369,single,population,,0.11706187154945381,0.34693298111516346,0.00020956602439809791,0.29053884040825545
synth370,single,population,,1.665982690754341,0.3434732130990688,0.0038754751153067452,1.8379130710596407
synth371,single,population,,0.07731995056523186,0.34604033119820954,0.0010584296607617162,0.2503930376473747
synth372,single,population,,0.7319725715602508,0.3463061636818183,0.0014607023880344348,0.9051986885205616
synth373,single,population,,0.13758001916399126,0.34685237888609044,0.00044024784257991117,0.3110282209991655
synth374,single,population,,0.04870425400559163,0.34692206847885493,0.0002266114789435521,0.22217661881896625
synth375,single,population,,2.2137427438669435,0.2953701667005951,0.0074391114789425184,2.361799782791188
synth376,single,population,,0.16975087623924007,0.3148571550733852,0.009059566024397893,0.32763243207715254
synth377,single,population,,0.2075284500611193,0.3467394277706672,0.0008084296607617214,0.380938585429491
synth378,single,population,,0.0780170442933586,0.3469242630080437,0.00020615693348900705,0.2514894836440549
synth379,single,population,,0.15072557032549444,0.3469214257053414,0.000235702388034461,0.3241980682975668
synth380,single,population,,0.14239842465000757,0.344819532385116,0.002702747842579706,0.31494332823469456
synth381,single,population,,0.08205009376311449,0.34692977220215937,0.00022320238803446123,0.2555261399835959
synth382,single,population,,0.3001895931989407,0.32461119417774936,0.00853342966076126,0.4629218617708534
synth383,single,population,,0.17392271802820305,0.33976311387378816,0.005137975115306494,0.3440611737208625
synth384,single,population,,0.08086803391632184,0.3469242630080437,0.00020615693348900705,0.25434047326701814
synth385,single,population,,0.20226780972974126,0.34594815084092345,0.0016947932971253389,0.37532662481505924
synth386,single,population,,0.27458923493881043,0.3459413545141093,0.0013413842062162556,0.4476269814061759
synth387,single,population,,0.30860148726652503,0.3120717366381981,0.007844793297124545,0.4650295952504803
synth388,single,population,,0.19106828364028597,0.3469242630080437,0.00020615693348900705,0.3645407229909823
synth389,single,population,,0.13028291700091935,0.34558737580186116,0.0015947932971253412,0.3031563445667062
synth390,single,population,,0.1330727855327135,0.34690410389838805,0.00027774784257991465,0.3065387248740365
synth391,single,population,,0.06850959022206986,0.3469242630080437,0.00020615693348900705,0.24198202957276616
synth392,single,population,,0.1873821012979463,0.34055348287461,0.0054857023880336975,0.357933127854653
synth393,single,population,,0.1394069143595898,0.3336992138252493,0.007456156933487982,0.30662932911888885
synth394,single,population,,0.7714973911638144,0.3458318540689702,0.0013254751153071649,0.944479591954065
synth395,single,population,,0.04992199054662049,0.3469242630080437,0.00020615693348900705,0.22339442989731678
synth396,single,population,,0.2259162120367635,0.3468880799573093,0.00021070238803446153,0.3993707871348199
synth397,single,population,,2.3677022681094444,0.257987431651572,0.01245388420621781,2.4973186781455414
synth398,single,population,,1.4816742654998662,0.34258768128935396,0.0035641114789431707,1.6531463117184904
synth399,single,population,,0.034454637676571045,0.3469242630080437,0.00020615693348900705,0.20792707702726732
synth000,single,twin,,0.7734414307084313,0.739132647276787,0.005048946999820106,1.1432602016968159
synth001,single,twin,,0.1292381846791484,0.27772918179028,0.0042536224136068,0.26831545669496876
synth002,single,twin,,0.40594073873593733,0.29115176525322756,0.0005793171298252694,0.5515455872190423
synth003,single,twin,,0.2056681807452965,0.3188584993282609,0.00863602945179803,0.36552923188201686
synth004,single,twin,,0.2023126812961458,0.07534443247066747,0.0005159714881779071,0.24001069610588843
synth005,single,twin,,0.3084880244588287,0.07469090982528077,9.795839438766718e-05,0.3458383772911885
synth006,single,twin,,0.23676742733280967,0.3172965052778679,0.016269444688617636,0.39622915220617455
synth007,single,twin,,0.4142752522279276,5.250000000000001e-09,1.5909090909090917e-05,0.41427605030747305
synth008,single,twin,,0.38018662558692834,0.19844926733568993,0.00022727272727272245,0.4794226228911369
synth009,single,twin,,0.23946631707699778,0.17054006719024173,0.0002097137307837366,0.3247468363586578
synth010,single,twin,,0.4239228743652205,0.19758742627112344,0.0006954545454545306,0.5227513602280549
synth011,single,twin,,0.31373379020119224,0.2543672389072021,0.0004672667834191265,0.4409407729939643
synth012,single,twin,,0.30696720895935997,0.9119617520909542,0.009745454545458061,0.76343535773211
synth013,single,twin,,0.23241254714056833,0.0924062764833139,0.0,0.27861568538222525
synth014,single,twin,,0.21173460287517468,0.24709877399896904,0.0034979075379655716,0.3354588852515575
synth015,single,twin,,0.3199663197158798,0.05995047019297358,7.528693037209035e-05,0.3499453191588852
synth016,single,twin,,0.2148431511044616,0.1572738541915361,0.0023087516761223234,0.29359551578403575
synth017,single,twin,,2.150096981125762,6.234978321851891e-05,0.0018279308299620762,2.150219552558869
synth018,single,twin,,0.2862442470807365,0.09223323780052947,0.012559064003174086,0.3329888191811599
synth019,single,twin,,0.14036505073934274,0.12494569461027255,0.0,0.20283789804447902
synth020,single,twin,,4.104159959507925,0.9587002181818097,0.10536363636363426,4.588778250417011
synth021,single,twin,,0.1596456914153466,0.23364897275747346,0.0021258382469189463,0.2765764697064293
synth022,single,twin,,0.148673639517196,0.1850402607660522,0.00925487392896364,0.2416565135966703
synth023,single,twin,,0.1583000268435812,0.14573298110286914,4.486990108090959e-05,0.2311687608900698
synth024,single,twin,,0.8879206472030738,0.00027998335573928073,0.003810713823588384,0.8882511745721229
synth025,single,twin,,0.20441767976696038,0.20995337199722738,0.014627694222761375,0.31012575047671215
synth026,single,twin,,0.21207951165327854,0.11235805395995635,0.00021656472288620696,0.268269366869401
synth027,single,twin,,1.2440103389567707,0.47778348740770027,0.035662189456493715,1.4846851921334454
synth028,single,twin,,5.6388577108895,0.0,0.0,5.6388577108895
synth029,single,twin,,0.251774704791696,0.23691299917480602,0.00973464619176954,0.37071793668868747
synth030,single,twin,,0.1941004757417678,0.16321595758837304,0.00039687042751249374,0.27572829805732996
synth031,single,twin,,0.1590333288156379,0.21506147451110014,0.0005406853884749906,0.26659110034061173
synth032,single,twin,,0.3231449197274588,0.3712060840105179,0.01344046685746512,0.509419985075591
synth033,single,twin,,1.653376162288227,0.27748080965217,0.021992450405044123,1.7932161896345642
synth034,single,twin,,0.46236778889562974,0.009972716728937462,0.0005413430778980976,0.4673812144139934
synth035,single,twin,,0.13562666524480127,0.1347961693011086,9.831482861592168e-05,0.20302966563678637
synth036,single,twin,,0.12754913155337455,0.9595308511363888,0.0025500000000002352,0.6074420571215691
synth037,single,twin,,0.12937150849012438,0.9189691826575523,0.006981621810651569,0.5892051809094331
synth038,single,twin,,0.37847476456845164,0.22487657145453657,0.012500000000001552,0.49153805029572
synth039,single,twin,,0.7571335690379252,0.1009457403851451,0.019424895357634874,0.8085776839983795
synth040,single,twin,,0.20768414428699603,0.38562825672286044,0.005657940100214502,0.40078116965343696
synth041,single,twin,,6.400861529381317,0.00035355874823722095,0.004926609017671218,6.401284639206319
synth042,single,twin,,0.3221378627984845,0.3913327971081543,0.007082830814728071,0.5181584028932981
synth043,single,twin,,0.42353593988985033,0.7119751559045027,0.020265923646706534,0.780536814024437
synth044,single,twin,,0.2042666621648226,0.12466038033433248,0.0,0.2665968523319888
synth045,single,twin,,0.24373457010628755,0.08691614857150876,0.0,0.28719264439204195
synth046,single,twin,,0.9260572255489063,0.019932144599962884,0.013880552926283665,0.936717325495202
synth047,single,twin,,0.07558640697663861,0.10026634145655443,0.0,0.12571957770491582
synth048,single,twin,,0.10425850526830661,0.946885922659155,0.004438636363637149,0.577923398416066
synth049,single,twin,,0.3483375138937033,0.08189275617643987,0.0014030007253036283,0.38935404201818846
synth050,single,twin,,1.8504995359153111,0.6864775077200602,0.02314692064207259,2.1948956358074447
synth051,single,twin,,0.4807386618412878,0.11380454209601315,0.015145322538673253,0.538398199016228
synth052,single,twin,,0.17531959500876398,0.20791305074783853,0.01187741965244071,0.27986999136530527
synth053,single,twin,,0.16164676757060004,0.1441873898846554,0.0,0.23374046251292774
synth054,single,twin,,0.06538704747985612,0.1363094766391417,0.0,0.13354178579942697
synth055,single,twin,,0.1504620277262154,0.14269442508776503,3.388258119052967e-05,0.22181093439915744
synth056,single,twin,,0.15177539576953564,0.10697544739102202,0.015376154565693795,0.20603192719333135
synth057,single,twin,,0.37964259001385015,0.2640325561741412,0.0005242277470345687,0.5116850794882725
synth058,single,twin,,0.1598395518213059,0.06851179476088554,0.0,0.19409544920174868
synth059,single,twin,,0.20351078062921682,0.07072631515964291,4.318181818181726e-05,0.23887609729994735
synth060,single,twin,,0.15889277825660425,0.0818161125192795,0.0,0.199800834516244
synth061,single,twin,,0.34372602336484037,0.28960731200955986,0.01921714441252136,0.4894905365902464
synth062,single,twin,,0.10940836258471476,0.14500785663574894,0.00033714174269266833,0.18192914798972387
synth063,single,twin,,0.2598257669190595,0.14067712014364772,7.400382069065812e-05,0.3301680271819179
synth064,single,twin,,0.21946178261420402,0.0906631435941353,0.00026751750761848256,0.2648067302866526
synth065,single,twin,,0.6586198798122432,0.002210744675681843,0.029556163654806383,0.6612030603328245
synth066,single,twin,,0.13315993357151334,0.18623224948217484,0.004215909090908575,0.2264868537671462
synth067,single,twin,,0.2699555071207997,0.1536499557356569,2.161929792916174e-05,0.3467815659535246
synth068,single,twin,,0.12752272168658824,0.20900137696233057,0.00327645434186479,0.23218723288484674
synth069,single,twin,,0.47477999990341296,0.3347544308030028,0.013989221552914313,0.6428566763825602
synth070,single,twin,,0.5475820466554203,0.6500223154545324,0.012500000000003158,0.8732182043826867
synth071,single,twin,,0.23600421379549033,0.22095910283403647,0.01119643054703454,0.3470435867398603
synth072,single,twin,,0.18881448670908454,0.3236553110369052,0.004733399902705014,0.3508788122226724
synth073,single,twin,,0.24291100933139348,0.2135975394197192,3.057187123161659e-05,0.34971130763481467
synth074,single,twin,,0.1304921240954344,0.16637764684648906,0.006321730510473937,0.21399703404420264
synth075,single,twin,,0.13574827411562065,0.14259695907350797,3.12006442331637e-05,0.2070483136845863
synth076,single,twin,,0.2832294566552385,0.14019774638492435,6.934826174404219e-05,0.3533317972607879
synth077,single,twin,,1.340094328843872,0.628648007139878,0.07714208906260347,1.6582754368669412
synth078,single,twin,,0.2674562598189518,0.2805847991476357,0.003309494483046037,0.40791413411692196
synth079,single,twin,,0.20023570300006488,0.1532471428954912,0.006813134909043499,0.2771999311932627
synth080,single,twin,,0.0926090947264581,0.09248318197905564,0.0,0.1388506857159859
synth081,single,twin,,0.21026270431439487,0.19490237662620605,0.0011301387646179034,0.30777039956572877
synth082,single,twin,,0.3282729355836814,0.5092148931125097,0.005258969657447172,0.5831433306228085
synth083,single,twin,,0.33174710917273736,0.12298072204909431,0.0008404171638207528,0.39327949105547555
synth084,single,twin,,0.10481927773252007,0.9364168452500592,0.005961363636365194,0.5733257685393679
synth085,single,twin,,0.49820446016244313,0.1108165779090986,0.012500000000001552,0.5542377491169925
synth086,single,twin,,0.22153712067965575,0.07057976582072711,0.00045306676789900877,0.25684965692841427
synth087,single,twin,,0.5127726452234417,0.02154168736500066,0.004110327993483638,0.5237490053056162
synth088,single,twin,,0.4099945827867626,0.14152902881817475,0.012500000000001552,0.48138409719585007
synth089,single,twin,,0.8539131313161065,0.23175648547728173,0.008293181818181703,0.9702060331456565
synth090,single,twin,,0.20757744548434456,0.17733700780416406,0.00019771068385441778,0.2962558349206193
synth091,single,twin,,0.15614321178518184,0.04401481435576913,0.0,0.17815061896306641
synth092,single,twin,,0.28019628408900416,0.2733924899633272,0.00035679536331116585,0.4169103688388333
synth093,single,twin,,0.13037033458235814,0.41040814085749233,0.011991617391161334,0.3361739858806624
synth094,single,twin,,0.44216658009415305,0.15949748490121332,0.001623559086512475,0.5219965004990853
synth095,single,twin,,0.48925278294330765,0.1485561205748296,6.170179991321756e-05,0.5635339283207181
synth096,single,twin,,0.22875217474396775,0.12571285410601837,0.02116729602482352,0.2926669665982181
synth097,single,twin,,0.1331018077323402,0.6385513911866696,0.013419091977865547,0.45304845792456827
synth098,single,twin,,0.29778082590412436,0.2780588600474048,0.008820765014657794,0.4372512941785596
synth099,single,twin,,0.2885581997776441,0.23107813055923254,0.010006429211513844,0.40459758651783606
synth100,single,twin,,0.1251485146336249,0.24333240722743832,0.000318606844423665,0.24683064858956524
synth101,single,twin,,0.2874380013832313,0.3630600434050982,0.0035081020277674562,0.4691434281871687
synth102,single,twin,,0.2960291327095708,0.35718944715674605,0.0031738263097412407,0.4747825476034309
synth103,single,twin,,0.3751705689720367,0.19669485072726428,0.012500000000001552,0.474142994335669
synth104,single,twin,,0.3483667841926154,0.09530857322869643,0.00011420161136295908,0.3960267808875318
synth105,single,twin,,0.26386654368496454,0.10937595575607545,0.005626944713066692,0.31883586879865555
synth106,single,twin,,0.2649671349194627,0.07818885808402828,0.0011065009580827963,0.304116889009381
synth107,single,twin,,0.3493364690097969,0.09724427280015821,0.00036612814294992513,0.39797691181702355
synth108,single,twin,,0.5678475503154629,0.3567364005829939,0.002979095059636593,0.7463647053599416
synth109,single,twin,,0.19674255965508508,0.09174415227413618,0.000584275353285435,0.24264384955981744
synth110,single,twin,,0.22637357223825288,0.05678212624440946,0.00022005941921268953,0.25477563833141825
synth111,single,twin,,0.4264382881653918,0.14329137555637803,0.0022272139412031168,0.498195336640641
synth112,single,twin,,2.8444269176824135,0.9598852848804958,0.11620852341649676,3.330179986293486
synth113,single,twin,,0.33719313221462627,0.28281768767206406,0.0018686549527121125,0.4786954087982939
synth114,single,twin,,0.543670941756793,0.1617323691049006,0.0,0.6245371263092433
synth115,single,twin,,0.16188775304661646,0.3097848452069044,0.006491721895922627,0.3171047617448648
synth116,single,twin,,0.4189153133837729,0.4313590290973464,0.01129636084085127,0.6351596459744887
synth117,single,twin,,0.17947193341183953,0.16477867825017595,0.00017179402282549043,0.26186986223806874
synth118,single,twin,,0.09250233955367959,0.2330984847849329,0.0,0.20905158194614604
synth119,single,twin,,1.4719073770317623,0.42423110557452276,0.028808645729752537,1.6854633621055113
synth120,single,twin,,0.39359838002137,0.3284934764545336,0.012500000000001552,0.5584701182486369
synth121,single,twin,,0.17084088135677425,0.22889655315830498,0.00033089212297315776,0.2853057025420754
synth122,single,twin,,0.5662401396755263,0.16194534101981684,0.002088636363636271,0.6473172420036165
synth123,single,twin,,5.395154717100891,1.518728929987972e-05,0.0005274402556383134,5.395188682758323
synth124,single,twin,,0.3422432553255315,0.5242814711982683,0.007381922828194368,0.6047530870660753
synth125,single,twin,,0.5885833759668896,0.06803307266577653,0.00012509791152135464,0.6226061671953539
synth126,single,twin,,11.590090663501778,0.12189695119126126,0.053220983586414916,11.653700188276728
synth127,single,twin,,0.20597446879615858,0.15128532906868342,0.0002790466012913452,0.2816310856605649
synth128,single,twin,,0.3501559896777728,0.2534234264327639,0.004716912541952547,0.4771035485212523
synth129,single,twin,,0.21062267772441237,0.3349087005819386,0.004131172427764723,0.3782835866367699
synth130,single,twin,,0.34349928574657984,0.3331852816303178,0.003518967106447357,0.5102678749170612
synth131,single,twin,,0.6673597299386389,2.654192041512697e-07,9.99603833411425e-05,0.6673648606674081
synth132,single,twin,,3.7129879074779137,7.118237465665974e-10,1.2719202971085932e-05,3.712988543793974
synth133,single,twin,,0.061798494601906964,0.20636950217934935,2.272727272727224e-05,0.16498438205521798
synth134,single,twin,,0.7262472931402608,2.829334603973436e-07,0.0001253735441695345,0.7262537032841995
synth135,single,twin,,0.18973472943077657,0.24562160585800732,0.0017031189434442485,0.31263068830695245
synth136,single,twin,,0.6888410474998617,0.4370695671660883,0.010809955086209279,0.9079163288372163
synth137,single,twin,,1.8639484552826575,0.1969226855454498,0.012500000000001552,1.9630347980553826
synth138,single,twin,,0.415081082448593,0.4441612556259536,0.0034858045175975736,0.6373360004874496
synth139,single,twin,,0.12713646669089226,0.1016677293822944,0.0,0.17797033138203947
synth140,single,twin,,0.45671975635213397,0.37985376490911676,0.012500000000001552,0.6472716388066925
synth141,single,twin,,0.45068781280117504,0.6500120157378042,0.001326350878920831,0.7757601382140232
synth142,single,twin,,0.1976957207050541,0.16874835712344097,0.0029409090909088284,0.28221694472132003
synth143,single,twin,,0.28656185348212043,0.2701788290374746,0.010371016444642526,0.42216981882308985
synth144,single,twin,,0.24090711968699793,0.1577790639158528,0.002250257798721023,0.3199091645348604
synth145,single,twin,,0.9142419085728318,0.18106681036846767,0.018374658305799912,1.0056940466723556
synth146,single,twin,,0.1266281737900244,0.8937323839332366,0.011759930336348335,0.5740823622734601
synth147,single,twin,,0.1395521074684375,0.0790877081448486,0.0005045454545454438,0.17912118881358907
synth148,single,twin,,0.15284880535515455,0.10345250159400207,0.0,0.2045750561521556
synth149,single,twin,,1.29327343233735,0.0,0.0,1.29327343233735
synth150,single,twin,,0.07954803386466225,0.9739186321576956,0.00233199019338188,0.5666239494531792
synth151,single,twin,,0.2997692668342604,0.09444759844920485,0.0,0.3469930660588628
synth152,single,twin,,0.2744606596482784,0.2904623550673989,0.02042785103632034,0.4207132297337939
synth153,single,twin,,0.3738345261616409,0.03676321527608109,0.014804006153529867,0.392956334107358
synth154,single,twin,,0.1981700047686542,0.27430953084612564,0.011569098016966161,0.3359032250925653
synth155,single,twin,,0.32974296844486156,0.16283649891612145,0.008984682554598836,0.4116104520306522
synth156,single,twin,,0.12003696363645182,0.14222903320506086,0.0,0.19115148023898226
synth157,single,twin,,0.5358895485912192,0.050087233172436546,0.0,0.5609331651774374
synth158,single,twin,,0.5336951010970996,0.009995473539007163,0.00011522518902873621,0.5386985991260546
synth159,single,twin,,0.48228019454744236,0.009999976020598766,6.0349124939293196e-06,0.48728048430336646
synth160,single,twin,,0.3839909095975235,0.07684096143742339,0.001762092320010631,0.4224994949322357
synth161,single,twin,,3.4908663413398697,0.0,0.0,3.4908663413398697
synth162,single,twin,,0.17820810295653258,0.06007036240226861,0.0,0.20824328415766688
synth163,single,twin,,0.19360232345749906,0.2843196338579977,0.004111449771578761,0.3359677128750768
synth164,single,twin,,0.5335969924104581,0.0028587245909089086,0.009668181818182525,0.5355097637968217
synth165,single,twin,,2.44327227124993,0.05351959430333535,0.100109751732588,2.475037555988227
synth166,single,twin,,0.3335984061907083,0.175532215350119,0.01605357052142556,0.4221671923918391
synth167,single,twin,,1.4015442792396717,0.026658109711549405,0.0052703781838913544,1.415136853004641
synth168,single,twin,,0.3429724746939815,0.12456740116412622,0.0016997827020346964,0.40534116441114637
synth169,single,twin,,0.22466264844485073,0.1610028986052736,0.0077514239673918935,0.3055516689458571
synth170,single,twin,,0.4497095177615327,0.11790269675265659,0.0008711942934608926,0.5087044258525341
synth171,single,twin,,0.6101568863293072,0.009999725179442042,1.7405388969291557e-05,0.6151576191884768
synth172,single,twin,,0.17714851605789086,0.10396814795604714,1.136363636363612e-05,0.2291331582177326
synth173,single,twin,,0.23823298005848806,0.18368662781604503,0.0027137367544016753,0.33021198080423064
synth174,single,twin,,0.2502191451079466,0.17210681370453237,0.0009618206200274279,0.33632064299121417
synth175,single,twin,,0.18281820411071079,0.09843384224981927,5.0265706740604665e-05,0.23203763852095746
synth176,single,twin,,0.13338536540910495,0.7489897862445528,0.004693596107441601,0.5081149383367534
synth177,single,twin,,0.5987768067261169,0.0,0.0,0.5987768067261169
synth178,single,twin,,0.16147753412582416,0.8142735848054139,0.016239063475628774,0.5694262797023125
synth179,single,twin,,0.3213927403951941,0.10088961036437576,0.0,0.37183754557738197
synth180,single,twin,,0.36829965380584606,0.10963263826874918,0.0004305358744092629,0.4231374997339411
synth181,single,twin,,0.18388445094541372,0.2457016198139494,0.006970204758007687,0.30708377109028884
synth182,single,twin,,0.8208435071283244,0.0017381123585297278,0.026836093034507062,0.8230543679593147
synth183,single,twin,,0.2998707255702829,0.049689744116146815,0.0,0.3247155976283563
synth184,single,twin,,0.40084980556897437,0.07956084073518802,0.0004079862276344026,0.44065062524795007
synth185,single,twin,,0.17938958118894402,0.0293675444908709,0.018198221031774098,0.1949832644859682
synth186,single,twin,,0.21385611607680116,0.08533503333504529,0.00015014953022535698,0.2565311402208351
synth187,single,twin,,0.13230943264473893,0.2271933639367473,8.626606859930774e-05,0.24591042791654252
synth188,single,twin,,0.18869013790011466,0.19067202136641562,0.00043181818181817265,0.2840477394924134
synth189,single,twin,,0.5149811334462709,0.11967345718818134,0.04862903427137821,0.5772493137539306
synth190,single,twin,,2.5463078974363293,0.001624762344965073,0.007994377384268614,2.5475199974780254
synth191,single,twin,,0.13138737197151876,0.13403575477376464,0.0022846470033375085,0.19851948170856798
synth192,single,twin,,0.0801626107937298,0.1939255573558546,0.0,0.1771253894716571
synth193,single,twin,,0.43494628007195535,0.745573584572849,0.011787041931239979,0.8083224244549417
synth194,single,twin,,0.9218340890337395,0.7735855947447032,0.00417351922454423,1.3088355623673182
synth195,single,twin,,0.23546501097985376,0.13930314793438156,0.0013587360264317424,0.30518452174836613
synth196,single,twin,,0.46402080877169,0.13186483256116296,0.0,0.5299532250522715
synth197,single,twin,,0.5272098828389115,0.4103240835260398,0.01699082068847581,0.7332214656363552
synth198,single,twin,,0.1693245896232123,0.5552578419179708,0.014759586523439987,0.44769148990836966
synth199,single,twin,,4.595111199167618,0.0,0.0,4.595111199167618
synth200,single,twin,,1.0759702471198054,0.32812740216714553,0.021880341123159557,1.2411279652595362
synth201,single,twin,,0.3292372773449393,0.05901667159938921,0.00012397551188202303,0.358751811920228
synth202,single,twin,,0.20675616247380965,0.08890142416422327,0.0003120116727067468,0.2512224751395566
synth203,single,twin,,0.12880578170250706,0.13250555373645814,0.0,0.19505855857073612
synth204,single,twin,,0.5742963531723313,0.06866195007385555,0.019557220506596813,0.6096051892345888
synth205,single,twin,,0.19609813696502973,0.13667576873017245,0.0007089115339738489,0.26447146690681467
synth206,single,twin,,0.13460270974776942,0.7405571267727659,0.01184886363636695,0.5054737163159707
synth207,single,twin,,0.2902963092456458,0.3462707913113089,0.014078431951961411,0.46413562649889833
synth208,single,twin,,0.303374438862406,0.06258362546316153,0.003936791438200451,0.3348630911658968
synth209,single,twin,,0.10490210846476812,0.1480747372725393,0.0,0.17893947710103777
synth210,single,twin,,0.2418225322281597,0.2284548679011468,0.0005636363636363516,0.3560781479969149
synth211,single,twin,,0.18158238551252537,0.23427702108263937,0.005187787650213306,0.29898028543635574
synth212,single,twin,,0.25856927725872036,0.1594335192794144,0.010943043770156705,0.3388331890869354
synth213,single,twin,,3.5744068222983203,0.00034817798469029943,0.004030211000356479,3.574782421840683
synth214,single,twin,,0.25114000356407695,0.14776017653236834,0.00012856725662032967,0.32502652019309214
synth215,single,twin,,0.1499728782543011,0.3067723609581154,0.0055487150605975245,0.30363649448638863
synth216,single,twin,,0.40957197530791356,0.04918877004370075,0.0003940821355796542,0.4341860644365429
synth217,single,twin,,0.16424266842076554,0.06464614621647664,0.00024952584157013574,0.19657821782108237
synth218,single,twin,,0.11715506591693338,0.9040032806798657,0.004863835779767608,0.5693998980458546
synth219,single,twin,,0.488640443922725,0.06652458525042015,0.0009977272727272515,0.5219526229115714
synth220,single,twin,,0.2978772985393276,0.08653434372819906,0.010989772727273518,0.3416939590397908
synth221,single,twin,,0.29048892654878977,0.3158586059517439,0.01242634042227593,0.4490395465457755
synth222,single,twin,,0.17895300317492002,0.08656051844885289,0.00016845741370101147,0.22224168527003152
synth223,single,twin,,0.5745956702207091,0.2486447457053067,1.8181818181817792e-05,0.6989189521642716
synth224,single,twin,,0.1480975681490235,0.15769362399704798,0.00018358478679087172,0.22695355938688702
synth225,single,twin,,0.2436670000073025,0.1331046537725001,0.0001164837883734705,0.3102251510829712
synth226,single,twin,,0.11481975584043111,0.16564692888607366,0.0003840909090909009,0.19766242482892246
synth227,single,twin,,4.682352728148935,0.3720678442252687,0.5853597947953912,4.897654640001338
synth228,single,twin,,0.3012316728754635,0.07684840174479612,0.0007522727272727112,0.33969348738422517
synth229,single,twin,,1.2033287651424982,0.004193274155810438,0.005095542984699672,1.2056801793696383
synth230,single,twin,,0.12449572462425156,0.13305904792703846,0.0,0.19102524858777079
synth231,single,twin,,0.09845116134118156,0.15386746811211385,0.0,0.1753848953972385
synth232,single,twin,,0.1727504453275428,0.21890103864852453,0.014595680421361237,0.2829307486728731
synth233,single,twin,,0.17245399571355316,0.09404478270638553,0.00053060532394187,0.21950291733294303
synth234,single,twin,,0.22443746474857892,0.18039393232586715,8.863636363636174e-05,0.3146388627296943
synth235,single,twin,,1.2558559702996492,0.0,0.0,1.2558559702996492
synth236,single,twin,,0.14362095706518643,0.07656778063565657,0.0006479455230473574,0.18193724465916708
synth237,single,twin,,0.2464646231042056,0.11045008151773787,0.0004514361624355771,0.3017122356711963
synth238,single,twin,,0.6849356084387732,0.03856428220057634,0.0,0.7042177495390614
synth239,single,twin,,0.08754636515153778,0.11322162137890152,0.011765605588756967,0.14474545612042639
synth240,single,twin,,0.16977858919239913,0.19542658642973568,0.0012969712357047219,0.2675567309690522
synth241,single,twin,,1.1304028684252776,0.006808798413577069,0.019918948012878697,1.13480321503271
synth242,single,twin,,0.20077097417147763,0.31423858357078427,0.0009295562013235378,0.35793674376693596
synth243,single,twin,,0.6934607775216857,0.5342804275465178,0.01382771721733178,0.9612923771558112
synth244,single,twin,,0.33495853941653114,0.0593991031022542,0.025012737263713093,0.3659087278308439
synth245,single,twin,,0.21809406939384324,0.9715977641751556,0.010021290643597783,0.704394016013601
synth246,single,twin,,0.728919112300086,0.1199227000454572,0.010560227272727964,0.7894084736864511
synth247,single,twin,,2.5285959601776793,0.30082476642063916,0.01958264268719117,2.6799874755223585
synth248,single,twin,,0.4235862361581089,0.0931874806937257,0.002454739949505478,0.47030271350244707
synth249,single,twin,,0.0826897525578763,0.9924774269324073,0.0061944004339385015,0.5792381860457768
synth250,single,twin,,0.20397042679647792,0.09925052997566403,6.880133119144331e-05,0.2535991318508695
synth251,single,twin,,1.4037207133930767,0.2739028240794966,0.01246809989293501,1.5412955304274718
synth252,single,twin,,0.13765574134950612,0.8221161729660547,0.012394704033321949,0.5493335630341996
synth253,single,twin,,0.3854348678029156,0.28373366166414415,0.013697845014579713,0.5279865908857166
synth254,single,twin,,0.12563444988972722,0.15079008266272967,0.014669711280738929,0.20176297678512897
synth255,single,twin,,6.192541567056633,0.0,0.0,6.192541567056633
synth256,single,twin,,0.26491116419805044,0.03260839133051864,0.00013472096817440882,0.2812220959117185
synth257,single,twin,,0.3811381724916935,0.37794904573189464,0.02041451280228883,0.5711334209977553
synth258,single,twin,,0.4884799584432074,0.01,0.0,0.4934799584432074
synth259,single,twin,,0.18198639083125145,0.4873959186951226,0.015242195563672309,0.4264464599569964
synth260,single,twin,,0.3400988228971667,0.10498311439231654,4.57284181847729e-05,0.3925926665142342
synth261,single,twin,,2.615907365231585,0.9307722643636369,0.004736363636364596,3.081530315595222
synth262,single,twin,,0.4513344367211207,0.019153509757003372,0.011421692310329332,0.4614822762151389
synth263,single,twin,,0.38156127595283656,0.15356738836362993,0.012500000000001552,0.45896997013465163
synth264,single,twin,,0.18884383102553928,0.628428839825202,0.011456031468527706,0.5036310525115667
synth265,single,twin,,0.9527373264893875,0.17009534565493353,0.034912233898453805,1.0395306110117768
synth266,single,twin,,0.419585230753792,0.019512951982701622,3.198043667376779e-05,0.4293433057669765
synth267,single,twin,,0.16738325036053098,0.15280151253657503,6.59514692486406e-05,0.24378730420228092
synth268,single,twin,,0.5566757361990867,0.3541316452015835,0.00665240243458637,0.7340741789216078
synth269,single,twin,,0.1339365892677179,0.19367250395659272,0.0,0.23077284124601427
synth270,single,twin,,0.4397578802806275,0.14675452357428,0.015958051687476882,0.5139330446521414
synth271,single,twin,,0.14354582579542632,0.09659138909242021,0.0003431818181818109,0.19185867943254553
synth272,single,twin,,0.2698974022332525,0.28445606225306075,0.007660528310986377,0.4125084597753322
synth273,single,twin,,0.32859426068341907,0.2620332113530921,0.02821233286708764,0.4610214830033195
synth274,single,twin,,0.276897500246373,0.20882185172969298,0.0009386363636363435,0.38135535792940134
synth275,single,twin,,0.5645297689851434,0.09604476548533569,0.004591859897159633,0.6127817447226692
synth276,single,twin,,0.08648829233912401,0.939454912068231,0.004934090909091935,0.5564624529186941
synth277,single,twin,,0.12603162047431907,0.094458466573295,0.00016502654222827284,0.17326910508807797
synth278,single,twin,,1.1616716736257784,0.0,0.0,1.1616716736257784
synth279,single,twin,,0.1193029721593082,0.206439716849528,0.00024307126710752737,0.22253498414742756
synth280,single,twin,,0.5938273044169917,0.009960503666482918,0.0006734950894338774,0.5988412310047049
synth281,single,twin,,0.25940295178030925,0.18930984585515034,0.002317224776765493,0.3541737359467227
synth282,single,twin,,0.5554232116066211,0.05404135344405092,0.013515677931788766,0.583119672225236
synth283,single,twin,,0.07613617925384802,0.24986964329335315,0.0006628067524914788,0.20110414123814918
synth284,single,twin,,0.18384456382084455,0.15097936201157006,0.0,0.2593342448266296
synth285,single,twin,,0.41153775610975935,0.33922228027430584,0.00032976610498235094,0.5811653845521614
synth286,single,twin,,6.950603177429971,0.0,0.0,6.950603177429971
synth287,single,twin,,0.11428266697170392,0.07726728118809925,7.55713761325721e-05,0.15292008613456015
synth288,single,twin,,0.1577700096414178,0.2549402104928918,0.014119759786015743,0.2859461028771645
synth289,single,twin,,0.1214844761959889,0.24161103128534187,0.0011185801406403471,0.24234592084569187
synth290,single,twin,,0.09384400562144407,0.16881075665789505,0.0006779716853658237,0.1782832825346599
synth291,single,twin,,0.14012863080581134,0.21807575172727373,0.012500000000001552,0.24979150666944827
synth292,single,twin,,0.1920641283530834,0.18264757878401738,0.0196717455395803,0.2843715050220711
synth293,single,twin,,0.34355878178053945,0.08840667616334835,0.005293181818181088,0.3880267789531227
synth294,single,twin,,0.5141819651286975,0.01,0.0,0.5191819651286975
synth295,single,twin,,0.4971377993472713,0.029613361065858622,0.0007391056979327473,0.5119814351650973
synth296,single,twin,,0.3564409233729574,0.4624758682674699,0.005363500477899314,0.5879470325305873
synth297,single,twin,,0.31456422667238415,0.0,0.0,0.31456422667238415
synth298,single,twin,,0.19499593782078334,0.1953158422007833,0.00012818083918076625,0.29266026796313405
synth299,single,twin,,0.10506184896498331,0.08534113386514612,4.265369245870833e-05,0.1477345485821793
synth300,single,twin,,0.10907427436211053,0.8165471227824754,0.01168959051244963,0.5179323152789708
synth301,single,twin,,0.34188802366177395,0.14567575892633564,0.010074238449657031,0.4152296150474246
synth302,single,twin,,0.38689844874299245,0.059525841416310815,0.00012127776184914482,0.4166674333392403
synth303,single,twin,,3.432732506012703,2.3704545454545496e-07,5.9090909090909124e-05,3.4327355790808847
synth304,single,twin,,0.3976155204580556,0.15434630567902063,0.012302063014286286,0.47540377644828025
synth305,single,twin,,0.1630040439215208,0.2094153261861166,0.005648823091632026,0.2679941481691607
synth306,single,twin,,0.8453671400745653,0.5890919283514614,0.02107963250608703,1.1409670858756003
synth307,single,twin,,0.7581815826223705,0.10313090317243477,0.007768181818180948,0.8101354432994969
synth308,single,twin,,0.23889833107884226,0.22355416677190548,0.004333848573572618,0.3508921068934736
synth309,single,twin,,0.7487893679540973,0.14519931645453688,0.012500000000001616,0.8220140261813659
synth310,single,twin,,0.15235907546407335,0.22618946567189685,0.010427287663473136,0.2659751726831954
synth311,single,twin,,0.0942660541942063,0.13109472675697303,0.001328257344329562,0.1598798304399093
synth312,single,twin,,1.9768659392335561,0.31287837983345157,0.004316515778025605,2.133520954939183
synth313,single,twin,,0.28914464821066427,0.14830975396689422,0.0003977272727272643,0.3633194115577477
synth314,single,twin,,0.1568198481956171,0.14757695212743158,0.0001739590704715822,0.23061702221285643
synth315,single,twin,,0.26992935839311005,0.41302398649637256,0.011996138039535208,0.47704115854327306
synth316,single,twin,,0.12475502136074276,0.15762847567613847,0.0014863636363636047,0.2036435773806302
synth317,single,twin,,0.3015467301017325,0.7734766045228784,0.04004614798070342,0.6902873397622069
synth318,single,twin,,0.40870961033543923,0.2543595884887207,0.0014686298976619634,0.5359628360746828
synth319,single,twin,,0.1949508524746261,0.8940527445881908,0.020760559136636464,0.6430152527255534
synth320,single,twin,,1.5538998665408752,4.584666247095307e-08,8.70514832670904e-05,1.5539042420383697
synth321,single,twin,,1.315282613063192,0.015039627644643873,0.008450132277464564,1.3232249334993873
synth322,single,twin,,0.27065235309437596,0.0957083496924654,0.001238147976690026,0.3185684353394432
synth323,single,twin,,0.14187371916838556,0.21236844251965864,0.001025096870248552,0.2481091952717273
synth324,single,twin,,0.16308341299036366,0.7987073599909691,0.005442030106123101,0.5627091944911544
synth325,single,twin,,0.2996090584098747,0.020965291966629218,0.00018339930209171552,0.31010087435829387
synth326,single,twin,,0.40890907052169617,0.1462239173731905,7.045454545454395e-05,0.48202455193556415
synth327,single,twin,,0.16425575170477733,0.23049411428239933,0.007787961826812325,0.27989220693731764
synth328,single,twin,,0.3924613700790448,0.0936454983700864,0.00024253348866502193,0.43929624593852123
synth329,single,twin,,0.27441406074268854,0.156342309449302,0.0001459252186027271,0.3525925117282697
synth330,single,twin,,0.36841033063151885,0.16062227564313566,0.0009613636363636159,0.4487695366349049
synth331,single,twin,,1.1866226420151236,0.00481988591156564,0.021131397789596197,1.1900891548603862
synth332,single,twin,,0.8138856175254574,0.20456710603156217,0.005463848905675738,0.9164423629865223
synth333,single,twin,,0.33618282635016433,0.2625994018446485,0.006618823834848034,0.467813468464231
synth334,single,twin,,0.3690047401079944,0.07329238184181701,0.0,0.4056509310289029
synth335,single,twin,,0.17658656736158077,0.20073323464370016,0.007087366203774803,0.2773075529936196
synth336,single,twin,,0.3690555243862961,0.32312626049663007,0.00045865648147299835,0.5306415874586847
synth337,single,twin,,0.1790807526368501,0.1321712087671002,2.272727272727224e-06,0.24516647065676384
synth338,single,twin,,0.6011703012897003,8.475249022037672e-07,0.00032611993574559677,0.6011870310489387
synth339,single,twin,,0.10345672480158015,0.20168414937439633,3.1818181818181136e-05,0.20430039039786924
synth340,single,twin,,0.16429558948578402,0.43336981783429585,0.005914160851223303,0.3812762064454931
synth341,single,twin,,0.6232601039338203,0.01,0.0,0.6282601039338203
synth342,single,twin,,0.19548155958521515,0.47921583099999476,0.012500000000002186,0.43571447508521266
synth343,single,twin,,0.30368302389215357,0.09460567761593074,0.0001906074446239948,0.35099539307235017
synth344,single,twin,,0.1951214724934007,0.222048216189272,0.002239681739256335,0.30625756467499954
synth345,single,twin,,0.2680920872431222,0.16470570246474725,0.0004159090909090821,0.3504657339300413
synth346,single,twin,,0.18337823326999278,0.08803974703436392,0.0034932403251271534,0.22757276880343108
synth347,single,twin,,0.22646801630605082,0.16836326102828625,0.0009863636363636153,0.3106989650020121
synth348,single,twin,,0.43710219553694457,0.14905060459720892,0.0020343235078060075,0.5117292140109394
synth349,single,twin,,0.07154452909204863,0.08075312736567165,0.0,0.11192109277488446
synth350,single,twin,,0.2584506842842497,0.25990890158375307,0.003275379290869858,0.3885689040406698
synth351,single,twin,,2.516469566442119,0.7807459483086758,0.04967545798305018,2.909326313495609
synth352,single,twin,,0.33169885200844085,0.14729173105440077,0.0003514173992942709,0.40536228840560595
synth353,single,twin,,0.30256824324634307,0.12458357266858906,0.0037568181818177573,0.36504787048972853
synth354,single,twin,,0.2519287407276895,0.15984238321108987,0.000729545454545439,0.3318864096059617
synth355,single,twin,,0.11438622789481544,0.17867010040970832,0.0009956096551258947,0.20377105858242592
synth356,single,twin,,0.12577266663799516,0.05438233372001371,0.0007590909090908929,0.15300178804345657
synth357,single,twin,,1.0840766618609838,0.011330746672370022,0.016160431158062965,1.090550056755072
synth358,single,twin,,0.196247413208691,0.2526625430769128,0.0005640552786254816,0.3226068875110787
synth359,single,twin,,0.5345501654149041,0.2540934911818167,0.012500000000001552,0.6622219110058125
synth360,single,twin,,0.21815194288714376,0.09576407781152158,0.0008320329482011602,0.2660755834403146
synth361,single,twin,,0.18018042692371125,0.07032045771306542,0.00031503581779344616,0.21535640757113364
synth362,single,twin,,0.19608860913202167,0.09557142393767767,0.0011481929649924717,0.24393173074911012
synth363,single,twin,,0.09983706924116947,0.21522364850594627,0.0012931818181817906,0.2075135525850517
synth364,single,twin,,0.22124108165089215,0.008227039386362912,0.007829545454545266,0.22574607861680088
synth365,single,twin,,0.3227530365466359,0.2757070352348839,0.0027506925785925926,0.46074408879300743
synth366,single,twin,,0.2692158030670251,0.0873365114151021,0.002802427114055988,0.31302418013027894
synth367,single,twin,,1.8778745274047521,0.0018703721652901686,0.022428048604492795,1.8799311159176217
synth368,single,twin,,0.20988993310354515,0.16284585893611805,0.0002471696462350792,0.2913252210539159
synth369,single,twin,,0.1984484959527389,0.11060767673230874,0.002008238508393147,0.2538527462443129
synth370,single,twin,,1.1075509697241328,0.6512884660909453,0.012500000000003245,1.4338202027696056
synth371,single,twin,,0.2034040738929004,0.08422536103773962,0.0008851085208620482,0.24556100983781334
synth372,single,twin,,1.7954879386736688,3.128940002418269e-06,0.00045208003259108694,1.7955121071452995
synth373,single,twin,,0.12640651540549047,0.5443530591438867,0.010550671149427794,0.39911057853490517
synth374,single,twin,,0.07572097770487657,0.16802350770276267,4.196350509258656e-05,0.1597348297315125
synth375,single,twin,,1.7688119898403634,0.4574501585849026,0.018883925276365267,1.998481265396633
synth376,single,twin,,0.11004886237537866,0.9079573468500332,0.017062294779837953,0.5648806505393871
synth377,single,twin,,0.747836767401178,0.007098167175092563,0.034100280420271405,0.7530908650097378
synth378,single,twin,,0.14382241289026773,0.11727253095008405,0.0,0.20245867836530976
synth379,single,twin,,0.233754879928541,0.17590625957768652,0.00021487079021362054,0.3217187532568949
synth380,single,twin,,0.125261484556879,0.7389612063342469,0.013640749187835751,0.4954241251833942
synth381,single,twin,,0.13892043160682188,0.14678870673211916,7.995345260623763e-05,0.2123187826455118
synth382,single,twin,,0.257333264495085,0.4061257478155216,0.011749900665750374,0.4609836334361333
synth383,single,twin,,0.39576204744647875,0.08662338824354501,0.005548179818357779,0.4393511505591691
synth384,single,twin,,0.16518981553684206,0.12044672062533807,0.0,0.2254131758495111
synth385,single,twin,,0.2950777666967792,0.173230837838718,0.0027540213629439155,0.3818308866842854
synth386,single,twin,,0.31008468384692056,0.27153722318445633,0.0032123361013682164,0.44601391224421716
synth387,single,twin,,0.3101708570027717,0.30937092907181507,0.007820568713134178,0.4652473499743359
synth388,single,twin,,0.39974582276693804,0.062138613404580656,0.0,0.4308151294692284
synth389,single,twin,,0.22739420826028164,0.14916049131178905,0.000881818181818163,0.3020185448252671
synth390,single,twin,,0.31531146002527366,0.07287727080749047,9.862142732762979e-05,0.3517550265003853
synth391,single,twin,,0.3198448866290763,0.019255560454547495,0.01250000000000188,0.3300976668563501
synth392,single,twin,,0.27358707989282477,0.4791185876713315,0.03582040642654212,0.5149373940498175
synth393,single,twin,,0.5530296429983467,0.02997635280165497,0.001997288731064863,0.5681176838357275
synth394,single,twin,,0.41859276130870293,0.766555336564691,0.015108270986592967,0.802625843140378
synth395,single,twin,,0.08598088494451067,0.13863650005139225,0.0,0.1552991349702068
synth396,single,twin,,0.33584035503494925,0.172021842987775,0.0,0.42185127652883675
synth397,single,twin,,3.441860851361041,0.3253731717183576,0.4892018180431313,3.629007528122376
synth398,single,twin,,3.534479314593353,5.020280633749867e-06,0.000372237829590053,3.5345004366251493
synth399,single,twin,,0.05553910034074759,0.1465546247036656,0.0,0.12881641269258037
synth000,dual,population,,1.0178427369605285,0.5157960335185412,0.0005854627459775336,1.275770026857098
synth001,dual,population,,0.061757618604444946,0.49989778208567237,0.0,0.31170650964728114
synth002,dual,population,,0.29891069891695937,0.49989778208567237,0.0,0.5488595899597956
synth003,dual,population,,0.140294104867971,0.49989778208567237,0.0,0.3902429959108072
synth004,dual,population,,0.05142551421985187,0.49989778208567237,0.0,0.30137440526268805
synth005,dual,population,,0.09706688358687093,0.49989778208567237,0.0,0.3470157746297071
synth006,dual,population,,0.10682189290122887,0.49989778208567237,0.0,0.35677078394406503
synth007,dual,population,,0.046838683854698485,0.500351500249604,6.304983418219592e-05,0.29701758647120957
synth008,dual,population,,0.19753181340702963,0.49989778208567237,0.0,0.4474807044498658
synth009,dual,population,,0.11080452359654044,0.49989778208567237,0.0,0.3607534146393766
synth010,dual,population,,0.24401235155932746,0.49989778208567237,0.0,0.4939612426021637
synth011,dual,population,,0.17492800091845426,0.49989778208567237,0.0,0.4248768919612904
synth012,dual,population,,0.4597858292218395,0.49989778208567237,0.0,0.7097347202646758
synth013,dual,population,,0.07032414720436422,0.49989778208567237,0.0,0.32027303824720044
synth014,dual,population,,0.12793072877920816,0.49989778208567237,0.0,0.3778796198220443
synth015,dual,population,,0.08222122729799175,0.49989778208567237,0.0,0.33217011834082794
synth016,dual,population,,0.08262134809642123,0.49989778208567237,0.0,0.33257023913925743
synth017,dual,population,,0.7992227640431864,0.49989778208567237,0.0,1.0491716550860226
synth018,dual,population,,0.08203409661812432,0.49989778208567237,0.0,0.3319829876609605
synth019,dual,population,,0.062476788125971225,0.49989778208567237,0.0,0.3124256791688074
synth020,dual,population,,5.764226661231343,0.49989778208567237,0.0,6.014175552274179
synth021,dual,population,,0.09386514601202038,0.49989778208567237,0.0,0.3438140370548566
synth022,dual,population,,0.05049970347201271,0.49989778208567237,0.0,0.3004485945148489
synth023,dual,population,,0.07327218559340665,0.49989778208567237,0.0,0.32322107663624283
synth024,dual,population,,0.2057674320396251,0.49989778208567237,0.0,0.4557163230824613
synth025,dual,population,,0.08367297537162705,0.49989778208567237,0.0,0.33362186641446323
synth026,dual,population,,0.07618482397168704,0.49989778208567237,0.0,0.3261337150145232
synth027,dual,population,,1.1520689180493653,0.49989778208567237,0.0,1.4020178090922015
synth028,dual,population,,3.3733947158906314,0.49989778208567237,0.0,3.6233436069334677
synth029,dual,population,,0.14573206499055247,0.49989778208567237,0.0,0.39568095603338865
synth030,dual,population,,0.09116007806956586,0.49989778208567237,0.0,0.34110896911240207
synth031,dual,population,,0.09226587373140219,0.49989778208567237,0.0,0.3422147647742384
synth032,dual,population,,0.22167977030677213,0.49989778208567237,0.0,0.47162866134960835
synth033,dual,population,,0.3535602224651762,0.49989778208567237,0.0,0.6035091135080124
synth034,dual,population,,0.08263894046962199,0.49989778208567237,0.0,0.3325878315124582
synth035,dual,population,,0.06261566387275252,0.49989778208567237,0.0,0.3125645549155887
synth036,dual,population,,0.185566710321346,0.49989778208567237,0.0,0.4355156013641822
synth037,dual,population,,0.13674786542245485,0.49989778208567237,0.0,0.386696756465291
synth038,dual,population,,0.20111258517239664,0.49989778208567237,0.0,0.45106147621523285
synth039,dual,population,,0.14891068969071122,0.49989778208567237,0.0,0.39885958073354744
synth040,dual,population,,0.1570821928986039,0.49989778208567237,0.0,0.40703108394144005
synth041,dual,population,,1.8596300948983966,0.49989778208567237,0.0,2.1095789859412326
synth042,dual,population,,0.2634646779437229,0.49989778208567237,0.0,0.5134135689865591
synth043,dual,population,,0.7279340201663501,0.49989778208567237,0.0,0.9778829112091862
synth044,dual,population,,0.07645129605240793,0.49989778208567237,0.0,0.3264001870952441
synth045,dual,population,,0.08606457229379107,0.49989778208567237,0.0,0.33601346333662724
synth046,dual,population,,0.23211604710089423,0.49989778208567237,0.0,0.4820649381437304
synth047,dual,population,,0.03159336543207132,0.49989778208567237,0.0,0.2815422564749075
synth048,dual,population,,0.13327461916919695,0.49989778208567237,0.0,0.38322351021203316
synth049,dual,population,,0.13867768672943306,0.49989778208567237,0.0,0.3886265777722693
synth050,dual,population,,2.2198113582902073,0.49989778208567237,0.0,2.4697602493330435
synth051,dual,population,,0.14260268418405034,0.49989778208567237,0.0,0.39255157522688655
synth052,dual,population,,0.076318550490434,0.49989778208567237,0.0,0.3262674415332702
synth053,dual,population,,0.08752495835128508,0.49989778208567237,0.0,0.3374738493941213
synth054,dual,population,,0.031004670397275787,0.49989778208567237,0.0,0.28095356144011197
synth055,dual,population,,0.07141577690457113,0.49989778208567237,0.0,0.3213646679474073
synth056,dual,population,,0.043974200816118414,0.49989778208567237,0.0,0.2939230918589546
synth057,dual,population,,0.2512020057934899,0.49989778208567237,0.0,0.5011508968363261
synth058,dual,population,,0.055119605420348224,0.49989778208567237,0.0,0.3050684964631844
synth059,dual,population,,0.06647411893676805,0.49989778208567237,0.0,0.31642300997960426
synth060,dual,population,,0.058774877834991066,0.49989778208567237,0.0,0.30872376887782726
synth061,dual,population,,0.19074507359662654,0.49989778208567237,0.0,0.44069396463946275
synth062,dual,population,,0.04855393946818973,0.49989778208567237,0.0,0.2985028305110259
synth063,dual,population,,0.11332980559261409,0.49989778208567237,0.0,0.36327869663545026
synth064,dual,population,,0.07860387667901243,0.49989778208567237,0.0,0.3285527677218486
synth065,dual,population,,0.08453021266629139,0.49989778208567237,0.0,0.3344791037091276
synth066,dual,population,,0.06782526939555616,0.49989778208567237,0.0,0.31777416043839235
synth067,dual,population,,0.12929028626323283,0.49989778208567237,0.0,0.37923917730606904
synth068,dual,population,,0.0659799351137542,0.49989778208567237,0.0,0.3159288261565904
synth069,dual,population,,0.3786472121405204,0.49989778208567237,0.0,0.6285961031833566
synth070,dual,population,,0.668099363764989,0.49989778208567237,0.0,0.9180482548078253
synth071,dual,population,,0.1238741537865291,0.49989778208567237,0.0,0.3738230448293653
synth072,dual,population,,0.12559175837293227,0.49989778208567237,0.0,0.3755406494157685
synth073,dual,population,,0.13364607195255673,0.49989778208567237,0.0,0.3835949629953929
synth074,dual,population,,0.05460512677279285,0.49989778208567237,0.0,0.304554017815629
synth075,dual,population,,0.06299642935971742,0.49989778208567237,0.0,0.31294532040255363
synth076,dual,population,,0.14031953798161334,0.49989778208567237,0.0,0.3902684290244495
synth077,dual,population,,1.4310658090599642,0.49989778208567237,0.0,1.6810147001028004
synth078,dual,population,,0.1851892321251924,0.49989778208567237,0.0,0.4351381231680286
synth079,dual,population,,0.10360802109800368,0.49989778208567237,0.0,0.35355691214083984
synth080,dual,population,,0.03742384385783572,0.49989778208567237,0.0,0.2873727349006719
synth081,dual,population,,0.11143748663340268,0.49989778208567237,0.0,0.3613863776762389
synth082,dual,population,,0.33002866748302,0.49989778208567237,0.0,0.5799775585258562
synth083,dual,population,,0.11484348543258216,0.49989778208567237,0.0,0.36479237647541835
synth084,dual,population,,0.13248275570079468,0.49989778208567237,0.0,0.38243164674363084
synth085,dual,population,,0.178417101471616,0.49989778208567237,0.0,0.4283659925144522
synth086,dual,population,,0.06655471728417982,0.49989778208567237,0.0,0.316503608327016
synth087,dual,population,,0.12698963825420595,0.49989778208567237,0.0,0.37693852929704214
synth088,dual,population,,0.16161301646170537,0.49989778208567237,0.0,0.4115619075045416
synth089,dual,population,,0.5050243376457627,0.49989778208567237,0.0,0.7549732286885988
synth090,dual,population,,0.10266818699911227,0.49989778208567237,0.0,0.3526170780419485
synth091,dual,population,,0.044800393330078486,0.49989778208567237,0.0,0.2947492843729147
synth092,dual,population,,0.18386267182474497,0.49989778208567237,0.0,0.43381156286758116
synth093,dual,population,,0.07797202032317241,0.49989778208567237,0.0,0.3279209113660086
synth094,dual,population,,0.1921061552566449,0.49989778208567237,0.0,0.4420550462994811
synth095,dual,population,,0.2637804357590915,0.49989778208567237,0.0,0.5137293268019276
synth096,dual,population,,0.06283041926759443,0.49989778208567237,0.0,0.3127793103104306
synth097,dual,population,,0.1202661461412003,0.49989778208567237,0.0,0.3702150371840365
synth098,dual,population,,0.19996405510850065,0.49989778208567237,0.0,0.4499129461513368
synth099,dual,population,,0.1583815751833087,0.49989778208567237,0.0,0.4083304662261449
synth100,dual,population,,0.07493700873172215,0.49989778208567237,0.0,0.32488589977455834
synth101,dual,population,,0.21655958635158887,0.49989778208567237,0.0,0.466508477394425
synth102,dual,population,,0.225989681789822,0.49989778208567237,0.0,0.47593857283265817
synth103,dual,population,,0.19070692263733305,0.49989778208567237,0.0,0.44065581368016926
synth104,dual,population,,0.12383206938388606,0.49989778208567237,0.0,0.37378096042672226
synth105,dual,population,,0.10017350780998766,0.49989778208567237,0.0,0.3501223988528238
synth106,dual,population,,0.09808548753563079,0.49989778208567237,0.0,0.348034378578467
synth107,dual,population,,0.11441941798808108,0.49989778208567237,0.0,0.36436830903091727
synth108,dual,population,,0.47195995586086614,0.49989778208567237,0.0,0.7219088469037023
synth109,dual,population,,0.08007673188445388,0.49989778208567237,0.0,0.3300256229272901
synth110,dual,population,,0.06308143977372667,0.49989778208567237,0.0,0.31303033081656284
synth111,dual,population,,0.25451890145886974,0.49989778208567237,0.0,0.5044677925017059
synth112,dual,population,,3.2385040610733413,0.49989778208567237,0.0,3.4884529521161776
synth113,dual,population,,0.23498243644495573,0.49989778208567237,0.0,0.4849313274877919
synth114,dual,population,,0.34551005490200737,0.49989778208567237,0.0,0.5954589459448436
synth115,dual,population,,0.103238732630684,0.49989778208567237,0.0,0.3531876236735202
synth116,dual,population,,0.3917046859976734,0.49989778208567237,0.0,0.6416535770405096
synth117,dual,population,,0.08726460308126562,0.49989778208567237,0.0,0.3372134941241018
synth118,dual,population,,0.05419846401262187,0.49989778208567237,0.0,0.30414735505545804
synth119,dual,population,,1.3352532405049746,0.49989778208567237,0.0,1.5852021315478109
synth120,dual,population,,0.2251014906021016,0.49989778208567237,0.0,0.4750503816449378
synth121,dual,population,,0.10291352387194555,0.49989778208567237,0.0,0.35286241491478176
synth122,dual,population,,0.2634553920518543,0.49989778208567237,0.0,0.5134042830946906
synth123,dual,population,,8.573299995149666,0.5016870343377772,8.106407251996618e-05,8.82414756552218
synth124,dual,population,,0.3462941088871287,0.49989778208567237,0.0,0.5962429999299649
synth125,dual,population,,0.17753124833416178,0.49989778208567237,0.0,0.42748013937699797
synth126,dual,population,,4.967854949812085,0.49989778208567237,0.0,5.217803840854921
synth127,dual,population,,0.1003494742795652,0.49989778208567237,0.0,0.3502983653224014
synth128,dual,population,,0.21322948244085427,0.49989778208567237,0.0,0.46317837348369045
synth129,dual,population,,0.15325733165859592,0.49989778208567237,0.0,0.40320622270143214
synth130,dual,population,,0.26015224510901885,0.49989778208567237,0.0,0.510101136151855
synth131,dual,population,,0.09963105849246387,0.49989778208567237,0.0,0.3495799495353
synth132,dual,population,,2.582620201714114,0.49989778208567237,0.0,2.8325690927569505
synth133,dual,population,,0.0347426098750928,0.49989778208567237,0.0,0.284691500917929
synth134,dual,population,,0.06931567760958673,0.49989778208567237,0.0,0.3192645686524229
synth135,dual,population,,0.10558569664869895,0.49989778208567237,0.0,0.3555345876915351
synth136,dual,population,,0.6669379245851943,0.49989778208567237,0.0,0.9168868156280305
synth137,dual,population,,0.39400436574064135,0.49989778208567237,0.0,0.6439532567834776
synth138,dual,population,,0.37448642420017764,0.49989778208567237,0.0,0.6244353152430138
synth139,dual,population,,0.050556768028717954,0.49989778208567237,0.0,0.30050565907155413
synth140,dual,population,,0.37359172822924774,0.49989778208567237,0.0,0.6235406192720839
synth141,dual,population,,0.5515243135999685,0.49989778208567237,0.0,0.8014732046428046
synth142,dual,population,,0.10366107287929517,0.49989778208567237,0.0,0.35360996392213134
synth143,dual,population,,0.17998139000742047,0.49989778208567237,0.0,0.42993028105025666
synth144,dual,population,,0.10615306892499013,0.49989778208567237,0.0,0.35610195996782634
synth145,dual,population,,0.4434685102621818,0.49989778208567237,0.0,0.693417401305018
synth146,dual,population,,0.15219511907660105,0.49989778208567237,0.0,0.40214401011943723
synth147,dual,population,,0.03952357629855769,0.49989778208567237,0.0,0.28947246734139387
synth148,dual,population,,0.06137935317656836,0.49989778208567237,0.0,0.3113282442194045
synth149,dual,population,,0.4755619945817986,0.49989778208567237,0.0,0.7255108856246348
synth150,dual,population,,0.09305908357546835,0.49989778208567237,0.0,0.34300797461830457
synth151,dual,population,,0.10911199532554541,0.49989778208567237,0.0,0.3590608863683816
synth152,dual,population,,0.13228412026522787,0.49989778208567237,0.0,0.3822330113080641
synth153,dual,population,,0.07346202615068369,0.49989778208567237,0.0,0.3234109171935199
synth154,dual,population,,0.11313866803714534,0.49989778208567237,0.0,0.3630875590799815
synth155,dual,population,,0.07793537252432318,0.49989778208567237,0.0,0.3278842635671594
synth156,dual,population,,0.05321082051494504,0.49989778208567237,0.0,0.3031597115577812
synth157,dual,population,,0.20427135369392377,0.49989778208567237,0.0,0.4542202447367599
synth158,dual,population,,0.06834000497074462,0.49989778208567237,0.0,0.3182888960135808
synth159,dual,population,,0.11049303361641413,0.49989778208567237,0.0,0.3604419246592503
synth160,dual,population,,0.09397673011395376,0.49989778208567237,0.0,0.34392562115678993
synth161,dual,population,,2.5943877856660067,0.49989778208567237,0.0,2.844336676708843
synth162,dual,population,,0.05065057624064859,0.49989778208567237,0.0,0.30059946728348474
synth163,dual,population,,0.1272678722819985,0.49989778208567237,0.0,0.37721676332483467
synth164,dual,population,,0.13894471505633085,0.49989778208567237,0.0,0.388893606099167
synth165,dual,population,,1.1458058250306031,0.49989778208567237,0.0,1.3957547160734394
synth166,dual,population,,0.13356348779768412,0.49989778208567237,0.0,0.3835123788405203
synth167,dual,population,,0.8860423268382616,0.49989778208567237,0.0,1.1359912178810978
synth168,dual,population,,0.13981727531509885,0.49989778208567237,0.0,0.38976616635793504
synth169,dual,population,,0.11213153258291828,0.49989778208567237,0.0,0.36208042362575443
synth170,dual,population,,0.21080104345693013,0.49989778208567237,0.0,0.4607499344997663
synth171,dual,population,,0.15160180908629983,0.49989778208567237,0.0,0.401550700129136
synth172,dual,population,,0.056149095498302104,0.49989778208567237,0.0,0.3060979865411383
synth173,dual,population,,0.13122291955727466,0.49989778208567237,0.0,0.38117181060011085
synth174,dual,population,,0.10623323884248491,0.49989778208567237,0.0,0.3561821298853211
synth175,dual,population,,0.05895355849088565,0.49989778208567237,0.0,0.3089024495337218
synth176,dual,population,,0.15431023499641983,0.49989778208567237,0.0,0.404259126039256
synth177,dual,population,,0.06429551383050394,0.49989778208567237,0.0,0.31424440487334016
synth178,dual,population,,0.1830966885286212,0.49989778208567237,0.0,0.4330455795714574
synth179,dual,population,,0.109658641648909,0.49989778208567237,0.0,0.35960753269174517
synth180,dual,population,,0.1367860060694836,0.49989778208567237,0.0,0.3867348971123198
synth181,dual,population,,0.11030902901814708,0.49989778208567237,0.0,0.3602579200609833
synth182,dual,population,,0.11787354715316764,0.49989778208567237,0.0,0.3678224381960038
synth183,dual,population,,0.08814843560407572,0.49989778208567237,0.0,0.3380973266469119
synth184,dual,population,,0.17504965341637185,0.49989778208567237,0.0,0.42499854445920804
synth185,dual,population,,0.03598222882213004,0.49989778208567237,0.0,0.2859311198649662
synth186,dual,population,,0.07873469087615226,0.49989778208567237,0.0,0.32868358191898844
synth187,dual,population,,0.08228194882187459,0.49989778208567237,0.0,0.3322308398647108
synth188,dual,population,,0.0991056145873386,0.49989778208567237,0.0,0.3490545056301748
synth189,dual,population,,0.1534697239603342,0.49989778208567237,0.0,0.4034186150031704
synth190,dual,population,,0.32985188450481645,0.49989778208567237,0.0,0.5798007755476526
synth191,dual,population,,0.042564887338083515,0.49989778208567237,0.0,0.2925137783809197
synth192,dual,population,,0.04575969012398246,0.49989778208567237,0.0,0.29570858116681864
synth193,dual,population,,0.5804118588002379,0.49989778208567237,0.0,0.8303607498430741
synth194,dual,population,,1.1739841715278803,0.49989778208567237,0.0,1.4239330625707165
synth195,dual,population,,0.09758217578486017,0.49989778208567237,0.0,0.34753106682769636
synth196,dual,population,,0.21236773662565012,0.49989778208567237,0.0,0.4623166276684863
synth197,dual,population,,0.4373848023227549,0.49989778208567237,0.0,0.6873336933655911
synth198,dual,population,,0.08882624106028818,0.49989778208567237,0.0,0.3387751321031244
synth199,dual,population,,1.4906601762801723,0.49989778208567237,0.0,1.7406090673230086
synth200,dual,population,,0.560641660000889,0.49989778208567237,0.0,0.8105905510437252
synth201,dual,population,,0.08169994915582339,0.49989778208567237,0.0,0.3316488401986596
synth202,dual,population,,0.06864289416808841,0.49989778208567237,0.0,0.31859178521092457
synth203,dual,population,,0.05394804640944282,0.49989778208567237,0.0,0.303896937452279
synth204,dual,population,,0.17259668273325204,0.49989778208567237,0.0,0.42254557377608826
synth205,dual,population,,0.08238210828438162,0.49989778208567237,0.0,0.3323309993272178
synth206,dual,population,,0.1508752972002456,0.49989778208567237,0.0,0.40082418824308175
synth207,dual,population,,0.22514161665945717,0.49989778208567237,0.0,0.47509050770229333
synth208,dual,population,,0.07481479223855829,0.49989778208567237,0.0,0.3247636832813945
synth209,dual,population,,0.05111569373258912,0.49989778208567237,0.0,0.3010645847754253
synth210,dual,population,,0.1551909299521733,0.49989778208567237,0.0,0.40513982099500945
synth211,dual,population,,0.1035607111588966,0.49989778208567237,0.0,0.3535096022017328
synth212,dual,population,,0.10430420044656466,0.49989778208567237,0.0,0.3542530914894009
synth213,dual,population,,2.9455517785081438,0.49989778208567237,0.0,3.19550066955098
synth214,dual,population,,0.11898912645244929,0.49989778208567237,0.0,0.3689380174952855
synth215,dual,population,,0.052509478497854534,0.49989778208567237,0.0,0.3024583695406907
synth216,dual,population,,0.08527720637091012,0.49989778208567237,0.0,0.3352260974137463
synth217,dual,population,,0.05167253917806914,0.49989778208567237,0.0,0.3016214302209053
synth218,dual,population,,0.1395732661278176,0.49989778208567237,0.0,0.38952215717065375
synth219,dual,population,,0.15533524986013433,0.49989778208567237,0.0,0.4052841409029705
synth220,dual,population,,0.08124892469045587,0.49989778208567237,0.0,0.33119781573329204
synth221,dual,population,,0.18480832287233884,0.49989778208567237,0.0,0.434757213915175
synth222,dual,population,,0.06273907823557288,0.49989778208567237,0.0,0.3126879692784091
synth223,dual,population,,0.46355791609166924,0.49989778208567237,0.0,0.7135068071345054
synth224,dual,population,,0.08149756451565829,0.49989778208567237,0.0,0.3314464555584945
synth225,dual,population,,0.11323204433575493,0.49989778208567237,0.0,0.3631809353785911
synth226,dual,population,,0.06031549764836628,0.49989778208567237,0.0,0.3102643886912025
synth227,dual,population,,1.9466548683588079,0.49989778208567237,0.0,2.196603759401644
synth228,dual,population,,0.08049199754487343,0.49989778208567237,0.0,0.3304408885877096
synth229,dual,population,,0.27925828992983825,0.49989778208567237,0.0,0.5292071809726744
synth230,dual,population,,0.055139223999106715,0.49989778208567237,0.0,0.3050881150419429
synth231,dual,population,,0.05230270696509948,0.49989778208567237,0.0,0.30225159800793566
synth232,dual,population,,0.08830487264171563,0.49989778208567237,0.0,0.33825376368455184
synth233,dual,population,,0.06525334423311067,0.49989778208567237,0.0,0.3152022352759469
synth234,dual,population,,0.12762578458552284,0.49989778208567237,0.0,0.377574675628359
synth235,dual,population,,0.2671653092088125,0.49989778208567237,0.0,0.5171142002516487
synth236,dual,population,,0.042230875091365805,0.49989778208567237,0.0,0.292179766134202
synth237,dual,population,,0.114111836291775,0.49989778208567237,0.0,0.3640607273346112
synth238,dual,population,,0.18383581675522323,0.49989778208567237,0.0,0.43378470779805944
synth239,dual,population,,0.02629777175177022,0.49989778208567237,0.0,0.2762466627946064
synth240,dual,population,,0.09550994331633984,0.49989778208567237,0.0,0.345458834359176
synth241,dual,population,,0.1461005140778825,0.49989778208567237,0.0,0.3960494051207187
synth242,dual,population,,0.14242350170459459,0.49989778208567237,0.0,0.39237239274743074
synth243,dual,population,,0.7286693859983301,0.49989778208567237,0.0,0.9786182770411662
synth244,dual,population,,0.10522247352415041,0.49989778208567237,0.0,0.3551713645669866
synth245,dual,population,,0.38576937090176927,0.49989778208567237,0.0,0.6357182619446055
synth246,dual,population,,0.13660190098867495,0.49989778208567237,0.0,0.3865507920315111
synth247,dual,population,,0.773150107613002,0.49989778208567237,0.0,1.023098998655838
synth248,dual,population,,0.09728704493418883,0.49989778208567237,0.0,0.347235935977025
synth249,dual,population,,0.08971231818228126,0.49989778208567237,0.0,0.33966120922511744
synth250,dual,population,,0.0713477172471804,0.49989778208567237,0.0,0.3212966082900166
synth251,dual,population,,0.6332536174765108,0.49989778208567237,0.0,0.8832025085193469
synth252,dual,population,,0.12846208865159528,0.49989778208567237,0.0,0.3784109796944315
synth253,dual,population,,0.23970747058176325,0.49989778208567237,0.0,0.48965636162459947
synth254,dual,population,,0.02683070753379156,0.49989778208567237,0.0,0.27677959857662776
synth255,dual,population,,2.8476122294205877,0.49989778208567237,0.0,3.097561120463424
synth256,dual,population,,0.06335623390144811,0.49989778208567237,0.0,0.3133051249442843
synth257,dual,population,,0.2875142583186825,0.49989778208567237,0.0,0.5374631493615187
synth258,dual,population,,0.08632105049725748,0.49989778208567237,0.0,0.33626994154009365
synth259,dual,population,,0.1442937119071218,0.49989778208567237,0.0,0.394242602949958
synth260,dual,population,,0.12341331078292996,0.49989778208567237,0.0,0.3733622018257661
synth261,dual,population,,3.694577367208344,0.5024023923806379,0.00036028476675540526,3.945796577637001
synth262,dual,population,,0.07220267463155304,0.49989778208567237,0.0,0.32215156567438924
synth263,dual,population,,0.14698606199967976,0.49989778208567237,0.0,0.3969349530425159
synth264,dual,population,,0.20532012396612823,0.49989778208567237,0.0,0.45526901500896444
synth265,dual,population,,0.5590590267037171,0.49989778208567237,0.0,0.8090079177465532
synth266,dual,population,,0.11137511097703442,0.49989778208567237,0.0,0.3613240020198706
synth267,dual,population,,0.08113563973446453,0.49989778208567237,0.0,0.3310845307773007
synth268,dual,population,,0.42322857410787434,0.49989778208567237,0.0,0.6731774651507105
synth269,dual,population,,0.075808928086854,0.49989778208567237,0.0,0.32575781912969015
synth270,dual,population,,0.1938130766988171,0.49989778208567237,0.0,0.4437619677416533
synth271,dual,population,,0.04983369090825636,0.49989778208567237,0.0,0.29978258195109253
synth272,dual,population,,0.16946890651861918,0.49989778208567237,0.0,0.41941779756145536
synth273,dual,population,,0.1484366829753413,0.49989778208567237,0.0,0.3983855740181775
synth274,dual,population,,0.1537558163582445,0.49989778208567237,0.0,0.40370470740108066
synth275,dual,population,,0.18972913825297774,0.49989778208567237,0.0,0.4396780292958139
synth276,dual,population,,0.0940903474315887,0.49989778208567237,0.0,0.34403923847442486
synth277,dual,population,,0.03836092548918563,0.49989778208567237,0.0,0.2883098165320218
synth278,dual,population,,0.13372207267522393,0.49989778208567237,0.0,0.3836709637180601
synth279,dual,population,,0.06732081510838984,0.49989778208567237,0.0,0.317269706151226
synth280,dual,population,,0.1243331507506422,0.49989778208567237,0.0,0.3742820417934784
synth281,dual,population,,0.15282001296962647,0.49989778208567237,0.0,0.4027689040124627
synth282,dual,population,,0.19455946971909388,0.49989778208567237,0.0,0.44450836076193007
synth283,dual,population,,0.04564184367375626,0.49989778208567237,0.0,0.2955907347165925
synth284,dual,population,,0.09417034129994575,0.49989778208567237,0.0,0.34411923234278197
synth285,dual,population,,0.33085266646002237,0.49989778208567237,0.0,0.5808015575028586
synth286,dual,population,,3.7757564209095538,0.49989778208567237,0.0,4.02570531195239
synth287,dual,population,,0.03514833081130687,0.49989778208567237,0.0,0.28509722185414305
synth288,dual,population,,0.07514429733370635,0.49989778208567237,0.0,0.32509318837654255
synth289,dual,population,,0.06829885275263024,0.49989778208567237,0.0,0.31824774379546644
synth290,dual,population,,0.04518941692525091,0.49989778208567237,0.0,0.2951383079680871
synth291,dual,population,,0.06322999555375866,0.49989778208567237,0.0,0.3131788865965949
synth292,dual,population,,0.06857710201248177,0.49989778208567237,0.0,0.3185259930553179
synth293,dual,population,,0.12762060846083773,0.49989778208567237,0.0,0.3775694995036739
synth294,dual,population,,0.054139127257104444,0.49989778208567237,0.0,0.30408801829994064
synth295,dual,population,,0.11135196877083466,0.49989778208567237,0.0,0.3613008598136708
synth296,dual,population,,0.3300793489331584,0.49989778208567237,0.0,0.5800282399759946
synth297,dual,population,,0.031038042940734454,0.49989778208567237,0.0,0.28098693398357066
synth298,dual,population,,0.108964685777601,0.49989778208567237,0.0,0.3589135768204372
synth299,dual,population,,0.04111585305532719,0.49989778208567237,0.0,0.29106474409816335
synth300,dual,population,,0.11406520131179355,0.49989778208567237,0.0,0.3640140923546297
synth301,dual,population,,0.1912472065087464,0.49989778208567237,0.0,0.4411960975515826
synth302,dual,population,,0.09946899352958696,0.49989778208567237,0.0,0.3494178845724232
synth303,dual,population,,0.2019317356270953,0.49989778208567237,0.0,0.45188062666993145
synth304,dual,population,,0.15282607635989623,0.49989778208567237,0.0,0.40277496740273244
synth305,dual,population,,0.07868396864497024,0.49989778208567237,0.0,0.3286328596878064
synth306,dual,population,,0.9346645086156797,0.49989778208567237,0.0,1.184613399658516
synth307,dual,population,,0.40356962307445177,0.49989778208567237,0.0,0.6535185141172879
synth308,dual,population,,0.12517844142781798,0.49989778208567237,0.0,0.37512733247065416
synth309,dual,population,,0.2477886299200134,0.49989778208567237,0.0,0.4977375209628496
synth310,dual,population,,0.07824726006943708,0.49989778208567237,0.0,0.3281961511122733
synth311,dual,population,,0.033651704481391376,0.49989778208567237,0.0,0.28360059552422756
synth312,dual,population,,1.7548351547617125,0.49989778208567237,0.0,2.0047840458045485
synth313,dual,population,,0.14666692313590096,0.49989778208567237,0.0,0.39661581417873715
synth314,dual,population,,0.07036859547949086,0.49989778208567237,0.0,0.32031748652232706
synth315,dual,population,,0.22054116946331878,0.49989778208567237,0.0,0.47049006050615494
synth316,dual,population,,0.05327953765958387,0.49989778208567237,0.0,0.30322842870242006
synth317,dual,population,,0.3052636004600007,0.49989778208567237,0.0,0.5552124915028369
synth318,dual,population,,0.2564238800732718,0.49989778208567237,0.0,0.506372771116108
synth319,dual,population,,0.13386950688608293,0.49989778208567237,0.0,0.38381839792891914
synth320,dual,population,,0.2909511060253158,0.49989778208567237,0.0,0.5408999970681521
synth321,dual,population,,0.2904383288170326,0.49989778208567237,0.0,0.5403872198598687
synth322,dual,population,,0.08624183404268886,0.49989778208567237,0.0,0.33619072508552506
synth323,dual,population,,0.07804964583418104,0.49989778208567237,0.0,0.32799853687701724
synth324,dual,population,,0.22811138620883584,0.49989778208567237,0.0,0.478060277251672
synth325,dual,population,,0.07849983416985336,0.49989778208567237,0.0,0.32844872521268953
synth326,dual,population,,0.2332212658281968,0.49989778208567237,0.0,0.483170156871033
synth327,dual,population,,0.08617686488034608,0.49989778208567237,0.0,0.3361257559231823
synth328,dual,population,,0.1742244810764431,0.49989778208567237,0.0,0.4241733721192793
synth329,dual,population,,0.14969294265053165,0.49989778208567237,0.0,0.3996418336933678
synth330,dual,population,,0.18544194250521567,0.49989778208567237,0.0,0.43539083354805186
synth331,dual,population,,0.41676233872826707,0.49989778208567237,0.0,0.6667112297711033
synth332,dual,population,,0.5559412932158385,0.49989778208567237,0.0,0.8058901842586748
synth333,dual,population,,0.2240795538875363,0.49989778208567237,0.0,0.4740284449303725
synth334,dual,population,,0.10795654776985257,0.49989778208567237,0.0,0.35790543881268877
synth335,dual,population,,0.0834356546202967,0.49989778208567237,0.0,0.3333845456631329
synth336,dual,population,,0.25516726875513074,0.49989778208567237,0.0,0.505116159797967
synth337,dual,population,,0.08441060845774621,0.49989778208567237,0.0,0.3343594995005824
synth338,dual,population,,0.07829565993722368,0.49989778208567237,0.0,0.3282445509800599
synth339,dual,population,,0.05722527925151628,0.49989778208567237,0.0,0.30717417029435246
synth340,dual,population,,0.12527287375542678,0.49989778208567237,0.0,0.37522176479826297
synth341,dual,population,,0.11487496488785982,0.49989778208567237,0.0,0.364823855930696
synth342,dual,population,,0.153561702011488,0.49989778208567237,0.0,0.4035105930543242
synth343,dual,population,,0.11624236903610756,0.49989778208567237,0.0,0.36619126007894376
synth344,dual,population,,0.12010373852822845,0.49989778208567237,0.0,0.37005262957106466
synth345,dual,population,,0.10963792179291613,0.49989778208567237,0.0,0.35958681283575233
synth346,dual,population,,0.056382630981557616,0.49989778208567237,0.0,0.3063315220243938
synth347,dual,population,,0.10337284075447899,0.49989778208567237,0.0,0.3533217317973152
synth348,dual,population,,0.20328413491680225,0.49989778208567237,0.0,0.45323302595963844
synth349,dual,population,,0.033802176892804535,0.49989778208567237,0.0,0.2837510679356407
synth350,dual,population,,0.15565743029153165,0.49989778208567237,0.0,0.4056063213343678
synth351,dual,population,,3.6431996969324905,0.49989778208567237,0.0,3.8931485879753267
synth352,dual,population,,0.17676563033278445,0.49989778208567237,0.0,0.4267145213756206
synth353,dual,population,,0.121627205168599,0.49989778208567237,0.0,0.37157609621143517
synth354,dual,population,,0.10376152581776686,0.49989778208567237,0.0,0.35371041686060306
synth355,dual,population,,0.05249143028611201,0.49989778208567237,0.0,0.3024403213289482
synth356,dual,population,,0.04012332314997002,0.49989778208567237,0.0,0.2900722141928062
synth357,dual,population,,0.1801436651005713,0.49989778208567237,0.0,0.43009255614340747
synth358,dual,population,,0.11618241497135344,0.49989778208567237,0.0,0.36613130601418964
synth359,dual,population,,0.2495080015420143,0.49989778208567237,0.0,0.4994568925848505
synth360,dual,population,,0.06423565984187152,0.49989778208567237,0.0,0.3141845508847077
synth361,dual,population,,0.058563107598528265,0.49989778208567237,0.0,0.30851199864136447
synth362,dual,population,,0.05676051515952511,0.49989778208567237,0.0,0.3067094062023613
synth363,dual,population,,0.05170472142507997,0.49989778208567237,0.0,0.30165361246791617
synth364,dual,population,,0.04298346005751423,0.49989778208567237,0.0,0.29293235110035043
synth365,dual,population,,0.23123584194332275,0.49989778208567237,0.0,0.48118473298615894
synth366,dual,population,,0.07304359541033328,0.49989778208567237,0.0,0.32299248645316947
synth367,dual,population,,1.0691879096915402,0.49989778208567237,0.0,1.3191368007343764
synth368,dual,population,,0.10434100163273681,0.49989778208567237,0.0,0.354289892675573
synth369,dual,population,,0.09438636139139459,0.49989778208567237,0.0,0.3443352524342308
synth370,dual,population,,1.333937572613833,0.49989778208567237,0.0,1.5838864636566692
synth371,dual,population,,0.058576299157024704,0.49989778208567237,0.0,0.3085251901998609
synth372,dual,population,,0.5916670950338444,0.49989778208567237,0.0,0.8416159860766805
synth373,dual,population,,0.10579948090706709,0.49989778208567237,0.0,0.3557483719499033
synth374,dual,population,,0.04058352268532179,0.49989778208567237,0.0,0.29053241372815797
synth375,dual,population,,1.7636453110561583,0.49989778208567237,0.0,2.0135942020989943
synth376,dual,population,,0.11241610117120827,0.49989778208567237,0.0,0.36236499221404445
synth377,dual,population,,0.1626843485516914,0.49989778208567237,0.0,0.4126332395945276
synth378,dual,population,,0.06222792973331181,0.49989778208567237,0.0,0.312176820776148
synth379,dual,population,,0.11476675347694726,0.49989778208567237,0.0,0.36471564451978344
synth380,dual,population,,0.10207579579717861,0.49989778208567237,0.0,0.3520246868400148
synth381,dual,population,,0.06540525373565913,0.49989778208567237,0.0,0.3153541447784953
synth382,dual,population,,0.20735290017100289,0.49989778208567237,0.0,0.45730179121383907
synth383,dual,population,,0.1250212158596407,0.49989778208567237,0.0,0.3749701069024769
synth384,dual,population,,0.0614605803546932,0.49989778208567237,0.0,0.3114094713975294
synth385,dual,population,,0.15881137511733723,0.49989778208567237,0.0,0.4087602661601734
synth386,dual,population,,0.2249620978597622,0.49989778208567237,0.0,0.4749109889025984
synth387,dual,population,,0.23035517853052456,0.49989778208567237,0.0,0.48030406957336075
synth388,dual,population,,0.15109389827601183,0.49989778208567237,0.0,0.401042789318848
synth389,dual,population,,0.09876986651580798,0.49989778208567237,0.0,0.3487187575586442
synth390,dual,population,,0.10062029922835485,0.49989778208567237,0.0,0.35056919027119104
synth391,dual,population,,0.05244711043891386,0.49989778208567237,0.0,0.30239600148175005
synth392,dual,population,,0.13515637546838233,0.49989778208567237,0.0,0.3851052665112185
synth393,dual,population,,0.08362603295781593,0.49989778208567237,0.0,0.33357492400065214
synth394,dual,population,,0.6089082062283879,0.49989778208567237,0.0,0.8588570972712242
synth395,dual,population,,0.041645986918050014,0.49989778208567237,0.0,0.2915948779608862
synth396,dual,population,,0.17540177439342472,0.49989778208567237,0.0,0.4253506654362609
synth397,dual,population,,0.6928927500253953,0.49989778208567237,0.0,0.9428416410682314
synth398,dual,population,,1.1730670056380021,0.49989778208567237,0.0,1.4230158966808384
synth399,dual,population,,0.03035645613174321,0.49989778208567237,0.0,0.2803053471745794
synth000,dual,twin,,0.8075407568593177,0.7351732277778272,0.0,1.1751273707482313
synth001,dual,twin,,0.16924933752664423,0.1155899209320064,0.0,0.22704429799264741
synth002,dual,twin,,0.3887973042041076,0.31622965923864194,0.0,0.5469121338234285
synth003,dual,twin,,0.18957177161792502,0.34171844283688135,0.0,0.3604309930363657
synth004,dual,twin,,0.27393941139206485,0.039401196543925945,0.0,0.2936400096640278
synth005,dual,twin,,0.2572385014152242,0.10938883877262658,0.0,0.3119329208015375
synth006,dual,twin,,0.3351101721692232,0.12775457443582638,0.0,0.39898745938713637
synth007,dual,twin,,0.10842620800862225,0.1294038198867062,0.0,0.17312811795197536
synth008,dual,twin,,0.3941457082523345,0.18698215644865787,0.0,0.4876367864766635
synth009,dual,twin,,0.21601430663987084,0.20139090330587966,0.0,0.3167097582928107
synth010,dual,twin,,0.46160390150130315,0.1633683540440608,0.0,0.5432880785233336
synth011,dual,twin,,0.3011281887238732,0.26611899587198545,0.0,0.43418768665986596
synth012,dual,twin,,0.5226586604425598,0.4117661480976077,0.0,0.7285417344913636
synth013,dual,twin,,0.24615681788635901,0.08307901164018267,0.0,0.2876963237064504
synth014,dual,twin,,0.19719618698501107,0.2685676568264381,0.0,0.33148001539823013
synth015,dual,twin,,0.2955943807174442,0.07108791612515782,0.0,0.33113833878002313
synth016,dual,twin,,0.26574139964583243,0.10968839524703271,0.0,0.32058559726934877
synth017,dual,twin,,0.8606889764436177,0.45219874228031814,0.0,1.0867883475837767
synth018,dual,twin,,0.11990943705018879,0.30350599993458394,0.0,0.2716624370174808
synth019,dual,twin,,0.13753569119505357,0.1303266360029154,0.0,0.2026990091965113
synth020,dual,twin,,3.736791076537825,0.9128471108839922,0.0,4.193214631979822
synth021,dual,twin,,0.15611479597357908,0.23251703343972657,0.0,0.27237331269344234
synth022,dual,twin,,0.09017562108512583,0.19643490356909457,9.787343673928355e-05,0.18839796654151006
synth023,dual,twin,,0.16089209112542185,0.14132004906890047,0.0,0.2315521156598721
synth024,dual,twin,,0.3311946725300749,0.2368314498528974,1.2532120767200732e-06,0.4496104601171274
synth025,dual,twin,,0.16867137632881368,0.19576763349869328,0.0,0.26655519307816034
synth026,dual,twin,,0.21162872576275796,0.11236513274046461,0.0,0.26781129213299026
synth027,dual,twin,,0.6587490013656044,1.0,0.0,1.1587490013656043
synth028,dual,twin,,1.1576405912784804,1.0,0.0,1.6576405912784804
synth029,dual,twin,,0.2251198066354029,0.2698533949039309,0.0,0.3600465040873684
synth030,dual,twin,,0.18270752265416765,0.17803470352652706,0.0,0.2717248744174312
synth031,dual,twin,,0.15488912534667482,0.21981082992904397,0.0,0.2647945403111968
synth032,dual,twin,,0.2823181670008322,0.40116218797503267,0.0,0.4828992609883485
synth033,dual,twin,,0.1937446134092219,0.7051009546867487,0.0,0.5462950907525963
synth034,dual,twin,,0.23443570614254625,0.09728752564759066,0.0,0.28307946896634156
synth035,dual,twin,,0.1259377899020253,0.1530939429609493,0.0,0.20248476138249996
synth036,dual,twin,,0.35891611953159264,0.17803470352652706,0.0,0.44793347129485617
synth037,dual,twin,,0.434481701926566,0.07717526505591576,0.0,0.47306933445452387
synth038,dual,twin,,0.28297705995847705,0.32306577408083326,0.0,0.4445099469988937
synth039,dual,twin,,0.17391017141179585,0.45612221430889804,0.0,0.40197127856624487
synth040,dual,twin,,0.20751701991940777,0.3680053075589806,0.0,0.39151967369889806
synth041,dual,twin,,0.9103321845369345,0.6334986647004529,0.0,1.227081516887161
synth042,dual,twin,,0.3131203224953511,0.39786183393999663,0.0,0.5120512394653494
synth043,dual,twin,,0.22684815445061346,1.0,0.0,0.7268481544506135
synth044,dual,twin,,0.1991500547078256,0.12997527070412862,0.0,0.2641376900598899
synth045,dual,twin,,0.2042241500899989,0.12228434600487098,0.0,0.26536632309243435
synth046,dual,twin,,0.4992599781578172,0.1489278653661611,0.0,0.5737239108408978
synth047,dual,twin,,0.0778254934257937,0.09607651510882009,0.0,0.12586375098020375
synth048,dual,twin,,0.3690272360063709,0.11068844638303972,0.0,0.42437145919789077
synth049,dual,twin,,0.2954104072049887,0.1257548043955429,0.0,0.3582878094027601
synth050,dual,twin,,1.2275053089637313,1.0,0.0,1.7275053089637313
synth051,dual,twin,,0.20588010240058444,0.3317549393545665,0.0,0.3717575720778677
synth052,dual,twin,,0.10269703876270633,0.30563282328081487,0.0,0.2555134504031138
synth053,dual,twin,,0.1553107856197027,0.1599139892612584,0.0,0.2352677802503319
synth054,dual,twin,,0.11644482306170788,0.054475725665003416,0.0,0.14368268589420957
synth055,dual,twin,,0.1184240866958625,0.21429425195285567,0.0,0.22557121267229036
synth056,dual,twin,,0.10042837270870074,0.12209221810107812,0.0,0.16147448175923979
synth057,dual,twin,,0.353248453173932,0.2982736254265292,0.0,0.5023852658871966
synth058,dual,twin,,0.16447295259160674,0.063677371234263,0.0,0.19631163820873823
synth059,dual,twin,,0.14595895825202557,0.1443526361224522,0.0,0.21813527631325166
synth060,dual,twin,,0.15520479487087002,0.08628990617340344,0.0,0.19834974795757174
synth061,dual,twin,,0.12934974250449283,0.7427606853823682,0.0,0.5007300851956769
synth062,dual,twin,,0.10523129262449023,0.13838116999478667,0.0,0.17442187762188355
synth063,dual,twin,,0.252706422948462,0.14769294887956672,0.0,0.3265528973882454
synth064,dual,twin,,0.1930258509870073,0.11732488190993713,0.0,0.2516882919419759
synth065,dual,twin,,0.2203583102810125,0.1126093922681592,0.0,0.2766630064150921
synth066,dual,twin,,0.1232457029763513,0.1788370629261867,0.0,0.21266423443944465
synth067,dual,twin,,0.24939485521580887,0.1790195895802757,0.0,0.3389046500059467
synth068,dual,twin,,0.13320366922319524,0.17803470352652706,0.0,0.22222102098645877
synth069,dual,twin,,0.4369237127480858,0.4017012844283808,0.0,0.6377743549622762
synth070,dual,twin,,0.6506006929859864,0.5161513482753431,0.0,0.908676367123658
synth071,dual,twin,,0.21964230169659077,0.23882072709929378,0.0,0.33905266524623767
synth072,dual,twin,,0.2010612263732323,0.2795826188160897,0.0,0.34085253578127717
synth073,dual,twin,,0.26926103153018077,0.18082451856741324,0.0,0.3596732908138874
synth074,dual,twin,,0.11533292001689435,0.17622724445773452,0.0,0.2034465422457616
synth075,dual,twin,,0.14513453320679762,0.1234727591586037,0.0,0.20687091278609948
synth076,dual,twin,,0.2682251485534352,0.15862780163939913,0.0,0.3475390493731348
synth077,dual,twin,,1.0420815508947683,0.9252552022055183,0.0,1.5047091519975275
synth078,dual,twin,,0.23258192474620287,0.35252187484411257,0.0,0.40884286216825916
synth079,dual,twin,,0.1885716402609066,0.16995875329993113,0.0,0.27355101691087214
synth080,dual,twin,,0.09836568886228231,0.10949475410772466,0.0015533346051262598,0.15319073264640096
synth081,dual,twin,,0.19950435558731555,0.2095547512286722,0.0,0.30428173120165164
synth082,dual,twin,,0.33027099422978695,0.4994205154283536,0.0,0.5799812519439638
synth083,dual,twin,,0.3250963637193612,0.12576944619162364,0.0,0.387981086815173
synth084,dual,twin,,0.18844134875468896,0.3068524557215261,0.0,0.341867576615452
synth085,dual,twin,,0.22681648594057574,0.37695012321206534,0.0,0.4152915475466084
synth086,dual,twin,,0.23665891349834806,0.058453291767481846,0.0,0.26588555938208897
synth087,dual,twin,,0.41675191297091924,0.04987941194143108,6.547231536431219e-06,0.4416919463032116
synth088,dual,twin,,0.24593354738636847,0.2922810630765472,0.0,0.3920740789246421
synth089,dual,twin,,0.3047810707450339,0.7698888734616511,0.0,0.6897255074758595
synth090,dual,twin,,0.20923901446204204,0.17115303105441915,0.0,0.29481552998925165
synth091,dual,twin,,0.11236366206178096,0.09805404596968695,0.0,0.16139068504662443
synth092,dual,twin,,0.28187192956889706,0.2698533949039309,0.0,0.4167986270208625
synth093,dual,twin,,0.10197962028059877,0.33887350820593404,0.0,0.2714163743835658
synth094,dual,twin,,0.4485825532958666,0.15361505180368926,0.0,0.5253900791977112
synth095,dual,twin,,0.4177621216087227,0.21673809187330725,0.0,0.5261311675453764
synth096,dual,twin,,0.15205033273511456,0.16244285648468906,0.0,0.2332717609774591
synth097,dual,twin,,0.17483516242295363,0.3306383872950272,0.0,0.34015435607046723
synth098,dual,twin,,0.29334220327699695,0.28588710808195666,0.0,0.43628575731797525
synth099,dual,twin,,0.2369043109267113,0.29760100119747224,0.0,0.38570481152544744
synth100,dual,twin,,0.11873327934909607,0.25556822539937746,0.0,0.2465173920487848
synth101,dual,twin,,0.5213776165027261,0.1394478225529321,0.0,0.5911015277791921
synth102,dual,twin,,0.5100489381418944,0.11418734453312517,0.0,0.567142610408457
synth103,dual,twin,,0.2134371423763933,0.4320092414080586,0.0,0.4294417630804226
synth104,dual,twin,,0.32478411110345706,0.11138092123438816,3.189053588534486e-05,0.3804761662474454
synth105,dual,twin,,0.24431599792613604,0.1173140476534831,0.0,0.3029730217528776
synth106,dual,twin,,0.27020756346114605,0.07243916577900014,0.0,0.3064271463506461
synth107,dual,twin,,0.3203384325947099,0.11236671294084433,0.0,0.37652178906513206
synth108,dual,twin,,0.5821462417442107,0.3391124896275459,0.0,0.7517024865579837
synth109,dual,twin,,0.18731767609525565,0.10375875022473834,0.0,0.23919705120762483
synth110,dual,twin,,0.17432555800708466,0.09146812749792237,0.0,0.22005962175604585
synth111,dual,twin,,0.41835728809690137,0.153329795961512,0.0,0.49502218607765736
synth112,dual,twin,,2.055425089206054,0.9993901750073931,0.0,2.555120176709751
synth113,dual,twin,,0.3256205093340272,0.29983640003801365,0.0,0.475538709353034
synth114,dual,twin,,0.5742117699558416,0.13187483420134796,0.0,0.6401491870565156
synth115,dual,twin,,0.18933657245989055,0.2218677919760917,0.0,0.30027046844793637
synth116,dual,twin,,0.3810671664299561,0.5197426229344528,0.0,0.6409384778971825
synth117,dual,twin,,0.1773547786647625,0.1675367555413,0.0,0.2611231564354125
synth118,dual,twin,,0.09813154500411075,0.21163210104022936,0.0,0.20394759552422542
synth119,dual,twin,,0.37311682881081415,1.0,0.0,0.8731168288108142
synth120,dual,twin,,0.28681969761351755,0.43045905426761727,0.0,0.5020492247473262
synth121,dual,twin,,0.19174934100267568,0.18525187665596557,0.0,0.2843752793306585
synth122,dual,twin,,0.6139995774141808,0.13749293244832883,0.0,0.6827460436383452
synth123,dual,twin,,3.2216620061238412,0.9743249935526264,0.0,3.7088245029001543
synth124,dual,twin,,0.44207219600832914,0.35305124401674864,0.0,0.6185978180167034
synth125,dual,twin,,0.4463787117224733,0.13115776895245101,0.0,0.5119575961986988
synth126,dual,twin,,1.9402569650589858,1.0,0.0,2.440256965058986
synth127,dual,twin,,0.1916669580477524,0.17114892755000466,0.0,0.27724142182275474
synth128,dual,twin,,0.31726020670800276,0.29171357499901684,0.0,0.4631169942075112
synth129,dual,twin,,0.20725889005920983,0.33012683607069676,0.0,0.37232230809455824
synth130,dual,twin,,0.2962821071094577,0.4157866157631534,0.0,0.5041754149910344
synth131,dual,twin,,0.21707113929898145,0.1687319963261106,0.0,0.30143713746203676
synth132,dual,twin,,1.9189163452418783,1.0,0.0,2.418916345241878
synth133,dual,twin,,0.07220305658442672,0.1657496612302863,0.0,0.15507788719956989
synth134,dual,twin,,0.2070384237830181,0.11487887972946215,0.0,0.26447786364774917
synth135,dual,twin,,0.1881731057465641,0.24393669739683563,0.0,0.3101414544449819
synth136,dual,twin,,0.7099915559005779,0.4184815967675737,0.0,0.9192323542843648
synth137,dual,twin,,0.3178092047400374,0.543032124256521,0.0,0.5893252668682979
synth138,dual,twin,,0.44473506509699395,0.40260987853963426,0.0,0.6460400043668111
synth139,dual,twin,,0.13237062148346732,0.09264374557535149,0.0,0.17869249427114306
synth140,dual,twin,,0.4010008908432902,0.4523969671120945,0.0,0.6271993743993375
synth141,dual,twin,,0.6774793135883604,0.3715871172686827,0.0,0.8632728722227018
synth142,dual,twin,,0.18400698960573456,0.194905048385798,0.0,0.28145951379863354
synth143,dual,twin,,0.2691102475010913,0.28932786779050435,0.0,0.4137741813963435
synth144,dual,twin,,0.24549357636003044,0.1484495951949966,0.0,0.3197183739575287
synth145,dual,twin,,0.22429321261942278,0.8120959846882501,0.0,0.6303412049635478
synth146,dual,twin,,0.4250142024309556,0.15697117554489504,0.0,0.5034997902034031
synth147,dual,twin,,0.13793892424889895,0.07786016990226771,0.0,0.1768690092000328
synth148,dual,twin,,0.14563442885954453,0.11406278296932153,0.0,0.2026658203442053
synth149,dual,twin,,0.5552184754991337,0.381494988602641,0.0,0.7459659698004543
synth150,dual,twin,,0.2649640446851183,0.13342399618040596,0.0,0.33167604277532126
synth151,dual,twin,,0.31464532806890366,0.08443647386389658,0.0,0.3568635650008519
synth152,dual,twin,,0.2806714443566406,0.21159274609762538,0.0,0.3864678174054533
synth153,dual,twin,,0.21576631735546667,0.1136825083770309,0.0,0.27260757154398213
synth154,dual,twin,,0.23518630013940278,0.20186536171939046,0.0,0.336118980999098
synth155,dual,twin,,0.1968337493972333,0.14272284061256343,0.0,0.26819516970351504
synth156,dual,twin,,0.11624462680313392,0.1501258659145967,0.0,0.1913075597604323
synth157,dual,twin,,0.48140426144233706,0.07932087115620527,0.0,0.5210646970204397
synth158,dual,twin,,0.23211478811535446,0.0973013609878441,0.0,0.28076546860927654
synth159,dual,twin,,0.3129101229020682,0.06893160820705807,0.0,0.3473759270055973
synth160,dual,twin,,0.43089981817107087,0.060484912263195516,0.0,0.46114227430266863
synth161,dual,twin,,2.911768325914303,0.28164815497118995,0.0,3.052592403399898
synth162,dual,twin,,0.1726420521797492,0.06469308586082112,0.0,0.20498859511015977
synth163,dual,twin,,0.19469558514148838,0.2735925494600863,0.0,0.3314918598715315
synth164,dual,twin,,0.25217060135003555,0.16305028264230068,0.0,0.3336957426711859
synth165,dual,twin,,0.9831071197893116,0.6400420450138062,0.0,1.3031281422962149
synth166,dual,twin,,0.19855454889559365,0.31930123481908185,0.0,0.35820516630513455
synth167,dual,twin,,1.0612417564505998,0.25535923703066726,0.0,1.1889213749659335
synth168,dual,twin,,0.572981245408829,0.028176215185728024,0.0,0.587069353001693
synth169,dual,twin,,0.20416887618853333,0.17946593258949126,0.0,0.29390184248327894
synth170,dual,twin,,0.48085815753889005,0.0971054333308167,0.0,0.5294108742042984
synth171,dual,twin,,0.4279461325465649,0.06811818950468088,0.0,0.4620052272989053
synth172,dual,twin,,0.18180866626344813,0.09948392624499496,0.0,0.23155062938594562
synth173,dual,twin,,0.24021792384414856,0.17803470352652706,0.0,0.32923527560741206
synth174,dual,twin,,0.1251539267826575,0.40602794076753257,0.0,0.3281678971664238
synth175,dual,twin,,0.20773552442241386,0.08062891483649647,0.0,0.2480499818406621
synth176,dual,twin,,0.27803949365658404,0.2385549737284873,0.0,0.3973169805208277
synth177,dual,twin,,0.13544420203746352,0.17679035296893514,0.0,0.2238393785219311
synth178,dual,twin,,0.33225441320247023,0.24596499065859426,0.0,0.45523690853176735
synth179,dual,twin,,0.3410421540199424,0.08927692932806318,0.0,0.385680618683974
synth180,dual,twin,,0.3732029610356248,0.1065295592126295,0.0,0.42646774064193954
synth181,dual,twin,,0.180715685575879,0.24140797744073958,0.0,0.3014196742962488
synth182,dual,twin,,0.26348403724263686,0.14426498791363548,0.0,0.3356165311994546
synth183,dual,twin,,0.1904834814408659,0.1468239094565544,0.0,0.2638954361691431
synth184,dual,twin,,0.3712241074892823,0.10219375777755124,0.0,0.4223209863780579
synth185,dual,twin,,0.08818301776662477,0.12787341177626174,0.0,0.15211972365475562
synth186,dual,twin,,0.20275794777445463,0.09713905632349155,0.0,0.2513274759362004
synth187,dual,twin,,0.14512404592114353,0.19340921237373127,0.0,0.24182865210800916
synth188,dual,twin,,0.1786177089429599,0.20779904031143853,0.0,0.28251722909867916
synth189,dual,twin,,0.14524817032093507,0.5376333630983388,0.0,0.41406485187010444
synth190,dual,twin,,0.27462341544714547,0.5864292072255278,0.0,0.5678380190599094
synth191,dual,twin,,0.08551646812615264,0.1470009134028852,0.0,0.15901692482759525
synth192,dual,twin,,0.0798516025955202,0.1949986523408023,0.0,0.17735092876592135
synth193,dual,twin,,0.4664508023744068,0.6690791803410483,0.0,0.8009903925449309
synth194,dual,twin,,0.8719621450062313,0.8374668387137105,0.0,1.2906955643630864
synth195,dual,twin,,0.2965337054948762,0.08768679911734888,0.0,0.3403771050535506
synth196,dual,twin,,0.4532688711246123,0.13963477259813747,8.548126280160097e-05,0.523090531486821
synth197,dual,twin,,0.806607354496698,0.19226831029172867,0.0,0.9027415096425623
synth198,dual,twin,,0.9187008157277605,0.2601756938070756,0.04838922600003136,1.0512081239312998
synth199,dual,twin,,0.6253890158145022,0.6717298517277703,0.0,0.9612539416783874
synth200,dual,twin,,0.15253612589067347,1.0,0.0,0.6525361258906734
synth201,dual,twin,,0.2661905208661338,0.09277358640719773,1.2840064620123214e-06,0.3125773782700558
synth202,dual,twin,,0.21629782236991973,0.0804901939901011,0.0,0.2565429193649703
synth203,dual,twin,,0.13164817224542827,0.12714912708221138,0.0,0.19522273578653396
synth204,dual,twin,,0.21765893075236106,0.36774125011173586,0.0,0.401529555808229
synth205,dual,twin,,0.1775510857768282,0.15931089582403954,0.0,0.257206533688848
synth206,dual,twin,,0.227732763285113,0.2821034955729889,0.0,0.3687845110716075
synth207,dual,twin,,0.2631865146053496,0.3946476881299706,0.0,0.46051035867033485
synth208,dual,twin,,0.11554725169193414,0.26828444811940333,0.0,0.2496894757516358
synth209,dual,twin,,0.08892138916134919,0.20521827738520682,0.0008112522900381435,0.1915710904684545
synth210,dual,twin,,0.26920572573526175,0.18124461247135137,0.0,0.35982803197093743
synth211,dual,twin,,0.1865296545875457,0.21278924193750298,0.0,0.2929242755562972
synth212,dual,twin,,0.22277797686953915,0.19307270961640466,0.0,0.3193143316777415
synth213,dual,twin,,2.4206995285196515,1.0,0.0,2.9206995285196515
synth214,dual,twin,,0.2486360947330882,0.15056738997000438,2.598201878000498e-05,0.32392108881902937
synth215,dual,twin,,0.08039266641052371,0.28521898609578167,0.0,0.22300215945841456
synth216,dual,twin,,0.267979715223121,0.10232050648426132,0.0,0.3191399684652516
synth217,dual,twin,,0.1618198540600353,0.06651708587897472,0.0,0.19507839699952265
synth218,dual,twin,,0.4232816083324405,0.10512367132898742,0.0,0.47584344399693423
synth219,dual,twin,,0.5784364840064524,0.03712757360986654,0.0,0.5970002708113857
synth220,dual,twin,,0.23436251889699664,0.12380726273616237,0.0,0.2962661502650778
synth221,dual,twin,,0.26398895732338157,0.3355059181679026,0.0,0.43174191640733284
synth222,dual,twin,,0.17902877894556546,0.08638325691695298,0.0,0.22222040740404195
synth223,dual,twin,,0.5826688997266978,0.2348266488329033,0.0,0.7000822241431495
synth224,dual,twin,,0.1720392986684704,0.10562069571730716,0.0,0.22484964652712397
synth225,dual,twin,,0.2698429469496886,0.1041430395344155,0.0,0.32191446671689633
synth226,dual,twin,,0.10177281155483842,0.20075546960101642,0.0,0.20215054635534663
synth227,dual,twin,,0.3050808745443913,1.0,0.0,0.8050808745443914
synth228,dual,twin,,0.2490847655104205,0.10779458833489323,0.0,0.3029820596778671
synth229,dual,twin,,0.4250002860660082,0.27251577578011593,0.0,0.5612581739560661
synth230,dual,twin,,0.1288819053224224,0.12460276990575324,0.0,0.19118329027529904
synth231,dual,twin,,0.09469298019833532,0.16337006780383462,0.0,0.1763780141002526
synth232,dual,twin,,0.1991919635344349,0.15428992968289043,0.0,0.27633692837588014
synth233,dual,twin,,0.16649863800749,0.10025221360150034,0.0006168440736393221,0.21665558701192214
synth234,dual,twin,,0.20616890381748085,0.21608659657234788,0.0,0.3142122021036548
synth235,dual,twin,,0.40442136589992,0.2861438951656638,0.0,0.5474933134827519
synth236,dual,twin,,0.13384164475097785,0.08351088532123616,0.0,0.1755970874115959
synth237,dual,twin,,0.2345197206669693,0.1264966997971979,0.0,0.29776807056556825
synth238,dual,twin,,0.4976407849065213,0.10278374529883959,0.0,0.5490326575559411
synth239,dual,twin,,0.07653275462136949,0.1031493912938493,0.0005482157200203028,0.12813486105429517
synth240,dual,twin,,0.16415731045812026,0.2051265685171542,0.0,0.26672059471669735
synth241,dual,twin,,0.3243919841527888,0.1602189993344461,0.0,0.40450148382001183
synth242,dual,twin,,0.1922977114643484,0.3329825792960696,0.0,0.3587890011123832
synth243,dual,twin,,0.4742656021121319,0.714344478763642,0.0,0.831437841493953
synth244,dual,twin,,0.23210089048620933,0.14081749022006995,0.0,0.30250963559624433
synth245,dual,twin,,0.5006950076018449,0.3631368480750433,0.0,0.6822634316393665
synth246,dual,twin,,0.149916414495318,0.4717084573870145,0.0,0.38577064318882526
synth247,dual,twin,,0.30244171039341966,0.6900372444444943,0.0,0.6474603326156668
synth248,dual,twin,,0.2961869626053563,0.15138140830677074,0.0,0.3718776667587417
synth249,dual,twin,,0.2417027840797053,0.12824105819302775,0.0,0.3058233131762192
synth250,dual,twin,,0.23103683345172743,0.07545839663238678,0.0,0.2687660317679208
synth251,dual,twin,,0.1939670151666513,0.9480039413199364,0.0,0.6679689858266195
synth252,dual,twin,,0.45625955884055275,0.10629023429212978,4.6810652377563247e-05,0.5094070165192365
synth253,dual,twin,,0.22763712155819568,0.5296290620594416,0.0,0.49245165258791646
synth254,dual,twin,,0.055066080154653134,0.14310853797772286,0.0,0.12662034914351455
synth255,dual,twin,,0.4797176480523267,1.0,0.0,0.9797176480523266
synth256,dual,twin,,0.1672827586670682,0.09475396155852601,0.0,0.2146597394463312
synth257,dual,twin,,0.22215408583535246,0.6513401873502906,0.0,0.5478241795104978
synth258,dual,twin,,0.319464036380866,0.05354195617385083,0.0,0.3462350144677914
synth259,dual,twin,,0.2454849853827383,0.2670664714648525,0.0,0.3790182211151646
synth260,dual,twin,,0.31822780211784785,0.11979198311217001,0.0,0.37812379367393284
synth261,dual,twin,,2.514868727739072,1.0,0.0,3.014868727739072
synth262,dual,twin,,0.07896074489011058,0.1599293247964787,0.0,0.15892540728834992
synth263,dual,twin,,0.19374645822587974,0.3643990164983191,0.0,0.3759459664750393
synth264,dual,twin,,0.43344709539257764,0.23170470953500483,0.0,0.5492994501600801
synth265,dual,twin,,0.7421644269859514,0.2475436259978758,0.0,0.8659362399848893
synth266,dual,twin,,0.3136925435320919,0.06500516697690652,0.0,0.34619512702054517
synth267,dual,twin,,0.12913069571816346,0.24543220255811535,0.0,0.2518467969972211
synth268,dual,twin,,0.3750623035797851,0.57852729765001,0.0,0.6643259524047901
synth269,dual,twin,,0.12220596625561105,0.22728776922440314,0.0,0.23584985086781263
synth270,dual,twin,,0.24802441154171032,0.35996292579926326,0.0,0.42800587444134197
synth271,dual,twin,,0.13725934701904624,0.10521518754624065,0.0,0.18986694079216657
synth272,dual,twin,,0.2763266283032331,0.26634029608677706,0.0,0.4094967763466216
synth273,dual,twin,,0.16664233569382886,0.4474167289768697,0.0,0.3903507001822637
synth274,dual,twin,,0.28732520861035676,0.19562921294184055,0.0,0.38513981508127704
synth275,dual,twin,,0.3547755561494133,0.21345686413396472,0.0,0.46150398821639566
synth276,dual,twin,,0.19737589617328788,0.17743077685183806,0.0,0.2860912845992069
synth277,dual,twin,,0.1620867210770545,0.06474277497150747,0.0,0.19445810856280824
synth278,dual,twin,,0.22469563154595293,0.26448709074405696,0.0,0.3569391769179814
synth279,dual,twin,,0.1219704994051498,0.19645444955433608,0.0,0.22019772418231784
synth280,dual,twin,,0.4234226907130571,0.05476719327465782,0.0,0.450806287350386
synth281,dual,twin,,0.27443269257808606,0.16470865232853193,0.0,0.356787018742352
synth282,dual,twin,,0.3190868493520787,0.2313164823829169,0.0,0.43474509054353716
synth283,dual,twin,,0.07563893292618791,0.22877519040686362,0.0,0.19002652812961973
synth284,dual,twin,,0.19732956787662018,0.12893696025561602,0.0,0.2617980480044282
synth285,dual,twin,,0.5287000621398111,0.19193857775015558,0.0,0.624669351014889
synth286,dual,twin,,0.6846032708505821,1.0,0.0,1.184603270850582
synth287,dual,twin,,0.13581058349041683,0.055904221089923246,0.0,0.16376269403537846
synth288,dual,twin,,0.11799957609347676,0.26672217907975004,0.0,0.2513606656333518
synth289,dual,twin,,0.14790178943394278,0.17935413301751196,0.0,0.23757885594269876
synth290,dual,twin,,0.10140912899494171,0.13894810795719514,0.0001961970964558234,0.17089299282836207
synth291,dual,twin,,0.1264627027177064,0.17803470352652706,0.0,0.21548005448096993
synth292,dual,twin,,0.1280690382692185,0.2004716875713199,0.0,0.22830488205487845
synth293,dual,twin,,0.3830965812438215,0.06598717592624431,0.0,0.41609016920694364
synth294,dual,twin,,0.22102510699680056,0.06941833166605918,0.0,0.25573427282983013
synth295,dual,twin,,0.3400948708920771,0.08501953874689697,0.0,0.38260464026552554
synth296,dual,twin,,0.38108782715219747,0.4165935490333533,0.0,0.5893846016688742
synth297,dual,twin,,0.07794455379869653,0.07175005816823271,0.0,0.11381958288281288
synth298,dual,twin,,0.20179458106280151,0.1820397206256475,0.0,0.2928144413756253
synth299,dual,twin,,0.22430473171224763,0.022265961742959993,0.0,0.23543771258372762
synth300,dual,twin,,0.2783581871700956,0.12582767466570863,0.0,0.3412720245029499
synth301,dual,twin,,0.32781972989251007,0.16074865742569563,0.0,0.4081940586053579
synth302,dual,twin,,0.20192588650630908,0.19496453881980763,0.0,0.2994081559162129
synth303,dual,twin,,0.23934237892666943,0.4446966772712892,0.0,0.46169071756231406
synth304,dual,twin,,0.21290269959743258,0.3397300476205101,0.0,0.3827677234076876
synth305,dual,twin,,0.13769695642602064,0.2360978970305016,0.0,0.2557459049412715
synth306,dual,twin,,0.5347063214552177,1.0,0.0,1.0347063214552177
synth307,dual,twin,,0.5941115072871461,0.2260302751111875,0.0,0.7071266448427399
synth308,dual,twin,,0.2329594478910856,0.21842479231304082,0.0,0.34217184404760603
synth309,dual,twin,,0.15150579875447323,0.6783689432663454,0.0,0.49069027038764595
synth310,dual,twin,,0.1335071674609949,0.2523942537228889,0.0,0.25970429432243936
synth311,dual,twin,,0.06390316299270564,0.1981515280994402,0.0,0.16297892704242573
synth312,dual,twin,,1.2911274095126575,1.0,0.0,1.7911274095126575
synth313,dual,twin,,0.3653321581748925,0.07983242858693433,0.0,0.40524837246835965
synth314,dual,twin,,0.1647096798026691,0.13370558242774114,0.0,0.23156247101653965
synth315,dual,twin,,0.32973887297432414,0.29609615947121687,0.0,0.47778695270993254
synth316,dual,twin,,0.10748015234093364,0.17803470352652706,0.0,0.19649750410419717
synth317,dual,twin,,0.66316257046433,0.1819054160826267,0.0,0.7541152785056434
synth318,dual,twin,,0.48854442298504236,0.18561710261692135,0.0,0.5813529742935031
synth319,dual,twin,,0.4000093976711117,0.09499794200157236,0.0,0.4475083686718979
synth320,dual,twin,,0.3632138728516986,0.38783377072316066,0.0,0.557130758213279
synth321,dual,twin,,0.3978866407165884,0.3378712942507706,0.0,0.5668222878419737
synth322,dual,twin,,0.2605213243320928,0.10046183660948911,0.0,0.3107522426368374
synth323,dual,twin,,0.25256051542712527,0.07526970041653462,0.0,0.29019536563539255
synth324,dual,twin,,0.6601412796574424,0.12123759969981711,0.0,0.720760079507351
synth325,dual,twin,,0.2288912502053127,0.06301272411212909,0.0,0.26039761226137725
synth326,dual,twin,,0.39877195086809497,0.15725931910569485,0.0,0.4774016104209424
synth327,dual,twin,,0.16571155920981598,0.20453420596611246,0.0,0.2679786621928722
synth328,dual,twin,,0.37859128619536764,0.10489136004672277,0.0,0.431036966218729
synth329,dual,twin,,0.2768087416446764,0.15271794734974453,0.0,0.35316771531954866
synth330,dual,twin,,0.3836612094200843,0.1466912942302328,0.0,0.4570068565352007
synth331,dual,twin,,0.4944550047360469,0.3632821137181563,0.0,0.676096061595125
synth332,dual,twin,,0.7837395989295239,0.22950342818201913,0.0,0.8984913130205335
synth333,dual,twin,,0.329441716349445,0.2785121378644229,0.0,0.4686977852816565
synth334,dual,twin,,0.28509500043312624,0.12685723591526094,0.0,0.34852361839075674
synth335,dual,twin,,0.19352102956722306,0.16604429554838462,0.0,0.27654317734141537
synth336,dual,twin,,0.3792493832317357,0.3104504841135544,0.0,0.5344746252885129
synth337,dual,twin,,0.19458375944227832,0.1089892701910901,0.0,0.24907839453782338
synth338,dual,twin,,0.22191061344728122,0.08947802492992203,0.0,0.2666496259122422
synth339,dual,twin,,0.09965807041911993,0.21205120916635947,0.0,0.20568367500229967
synth340,dual,twin,,0.1852603493234334,0.3056851842802292,0.0,0.338102941463548
synth341,dual,twin,,0.33895624533784297,0.08912777647639654,0.0,0.38352013357604126
synth342,dual,twin,,0.27252497517459634,0.2658832835965898,0.0,0.4054666169728912
synth343,dual,twin,,0.25225260653727793,0.1403571953514378,0.0,0.32243120421299687
synth344,dual,twin,,0.19864129436212716,0.21278924193750298,0.0,0.30503591533087865
synth345,dual,twin,,0.20681521107549725,0.23117234807473455,0.0,0.32240138511286454
synth346,dual,twin,,0.17191933344970206,0.08450169309849118,0.0,0.21417017999894766
synth347,dual,twin,,0.21610916846821565,0.17803470352652706,0.0,0.3051265202314792
synth348,dual,twin,,0.44994381645714254,0.1400304720222861,0.0,0.5199590524682856
synth349,dual,twin,,0.07373596858443256,0.07674458012792953,0.0,0.11210825864839732
synth350,dual,twin,,0.22736370404886028,0.3081785037801992,0.0,0.3814529559389599
synth351,dual,twin,,1.6226726548787211,1.0,0.0,2.122672654878721
synth352,dual,twin,,0.3495553615327026,0.12843250065642123,0.0,0.4137716118609132
synth353,dual,twin,,0.2916848515512512,0.1318145909884229,0.0,0.3575921470454626
synth354,dual,twin,,0.28856593698660454,0.1296766826045301,0.0,0.3534042782888696
synth355,dual,twin,,0.09712364453632752,0.17803470352652706,0.0,0.18614099629959105
synth356,dual,twin,,0.08345264511019757,0.0984595372688134,0.0,0.13268241374460427
synth357,dual,twin,,0.33282434290563473,0.23101897608299507,0.0,0.44833383094713225
synth358,dual,twin,,0.19306862970266483,0.25688013600823306,0.0,0.32150869770678137
synth359,dual,twin,,0.31776212760133904,0.41217230998329546,0.0,0.5238482825929868
synth360,dual,twin,,0.2813173183362557,0.06209198476394803,0.0,0.3123633107182297
synth361,dual,twin,,0.1589619493829896,0.08541849190602585,0.0,0.20167119533600253
synth362,dual,twin,,0.18574417724556985,0.09772210688076088,0.0,0.2346052306859503
synth363,dual,twin,,0.09669281235419586,0.21331451390146494,0.0,0.20335006930492833
synth364,dual,twin,,0.047765806657341044,0.13127131188305236,0.0,0.11340146259886721
synth365,dual,twin,,0.3394696853562174,0.24643861377613901,0.0,0.46268899224428695
synth366,dual,twin,,0.2602296006465926,0.08311477852318168,0.0,0.3017869899081835
synth367,dual,twin,,1.0993474478253724,0.4637616449042997,0.0,1.3312282702775222
synth368,dual,twin,,0.20944400087443282,0.16276874745031555,0.0,0.2908283745995906
synth369,dual,twin,,0.21431900639887616,0.08583203201998611,0.0,0.2572350224088692
synth370,dual,twin,,0.6867920824635924,1.0,0.0,1.1867920824635925
synth371,dual,twin,,0.16677429256053494,0.10936444045019413,0.0,0.221456512785632
synth372,dual,twin,,0.7154476709723377,0.36058003610367195,0.0,0.8957376890241737
synth373,dual,twin,,0.2266482172347028,0.16922327843494958,0.0,0.3112598564521776
synth374,dual,twin,,0.08258640228051735,0.14486708675904128,0.0,0.155019945660038
synth375,dual,twin,,0.7299370856296606,1.0,0.0,1.2299370856296608
synth376,dual,twin,,0.22182527761523255,0.2099475526975067,0.0,0.3267990539639859
synth377,dual,twin,,0.30874442706760563,0.16871347454596036,0.0,0.39310116434058584
synth378,dual,twin,,0.14046740363274565,0.12315963459598976,0.0,0.20204722093074054
synth379,dual,twin,,0.25953636486497256,0.14414418436648224,0.0,0.3316084570482137
synth380,dual,twin,,0.35147253174358994,0.09140019369311268,0.0,0.3971726285901463
synth381,dual,twin,,0.14613351052720383,0.1335515241790149,0.0,0.21290927261671128
synth382,dual,twin,,0.21788075303802004,0.4718715898228824,0.0,0.45381654794946125
synth383,dual,twin,,0.31964665528092895,0.12318484815076015,0.0,0.381239079356309
synth384,dual,twin,,0.15410619644444618,0.13566272592425305,0.0,0.2219375594065727
synth385,dual,twin,,0.3022413545031232,0.1630427144195139,0.0,0.3837627117128802
synth386,dual,twin,,0.2788572555339471,0.33310196433808875,0.0,0.4454082377029914
synth387,dual,twin,,0.30655226020677173,0.32069437154464486,0.0,0.46689944597909416
synth388,dual,twin,,0.37944082600308754,0.07425307106656734,0.0,0.4165673615363712
synth389,dual,twin,,0.24234535114874725,0.13308833802817385,0.0,0.30888952016283416
synth390,dual,twin,,0.31133389048883864,0.07542950482885961,0.0,0.3490486429032684
synth391,dual,twin,,0.14326242447471843,0.12101844918732764,2.7299823097351308e-05,0.2037730140595371
synth392,dual,twin,,0.3983243831456311,0.10297883874975028,0.0,0.4498138025205063
synth393,dual,twin,,0.16324263120182952,0.2205416976494352,0.0,0.27351348002654713
synth394,dual,twin,,0.30892332389117777,1.0,0.0,0.8089233238911777
synth395,dual,twin,,0.08809815383213279,0.13313059293436375,0.0,0.15466345029931466
synth396,dual,twin,,0.3234698130499572,0.18564645975828886,0.0,0.41629304292910163
synth397,dual,twin,,0.30445852242887933,0.6606202747415236,0.0,0.6347686597996411
synth398,dual,twin,,0.9713346624955481,0.6374911035503757,0.0,1.290080214270736
synth399,dual,twin,,0.05896990717467563,0.13344090074550247,0.0,0.12569035754742686
